-- -------------------------------------------------------------
-- TablePlus 4.1.0(376)
--
-- https://tableplus.com/
--
-- Database: policy
-- Generation Time: 2021-08-18 13:30:21.8190
-- -------------------------------------------------------------


/*!40101 SET @OLD_CHARACTER_SET_CLIENT=@@CHARACTER_SET_CLIENT */;
/*!40101 SET @OLD_CHARACTER_SET_RESULTS=@@CHARACTER_SET_RESULTS */;
/*!40101 SET @OLD_COLLATION_CONNECTION=@@COLLATION_CONNECTION */;
/*!40101 SET NAMES utf8mb4 */;
/*!40014 SET @OLD_UNIQUE_CHECKS=@@UNIQUE_CHECKS, UNIQUE_CHECKS=0 */;
/*!40014 SET @OLD_FOREIGN_KEY_CHECKS=@@FOREIGN_KEY_CHECKS, FOREIGN_KEY_CHECKS=0 */;
/*!40101 SET @OLD_SQL_MODE=@@SQL_MODE, SQL_MODE='NO_AUTO_VALUE_ON_ZERO' */;
/*!40111 SET @OLD_SQL_NOTES=@@SQL_NOTES, SQL_NOTES=0 */;


CREATE TABLE `customers` (
  `id` int NOT NULL,
  `gender_id` int NOT NULL,
  `income_group_id` int NOT NULL,
  `region_id` int NOT NULL,
  `marital_status_id` tinyint(1) DEFAULT NULL,
  PRIMARY KEY (`id`),
  KEY `gender_id` (`gender_id`),
  KEY `income_group_id` (`income_group_id`),
  KEY `region_id` (`region_id`),
  CONSTRAINT `customers_ibfk_1` FOREIGN KEY (`gender_id`) REFERENCES `genders` (`id`),
  CONSTRAINT `customers_ibfk_2` FOREIGN KEY (`income_group_id`) REFERENCES `income_groups` (`id`),
  CONSTRAINT `customers_ibfk_3` FOREIGN KEY (`region_id`) REFERENCES `regions` (`id`)
) ENGINE=InnoDB DEFAULT CHARSET=utf8mb4 COLLATE=utf8mb4_0900_ai_ci;

CREATE TABLE `fuels` (
  `id` int NOT NULL AUTO_INCREMENT COMMENT 'This col is primary key of this table',
  `fuel` varchar(50) CHARACTER SET utf8mb4 COLLATE utf8mb4_0900_ai_ci NOT NULL COMMENT 'This column is used to store fuel of vehicle',
  PRIMARY KEY (`id`),
  UNIQUE KEY `id` (`id`)
) ENGINE=InnoDB AUTO_INCREMENT=4 DEFAULT CHARSET=utf8mb4 COLLATE=utf8mb4_0900_ai_ci;

CREATE TABLE `genders` (
  `id` int NOT NULL AUTO_INCREMENT COMMENT 'This col is primary key of this table',
  `gender` varchar(50) CHARACTER SET utf8mb4 COLLATE utf8mb4_0900_ai_ci NOT NULL COMMENT 'This column is used to store gender of customer',
  PRIMARY KEY (`id`),
  UNIQUE KEY `id` (`id`)
) ENGINE=InnoDB AUTO_INCREMENT=5 DEFAULT CHARSET=utf8mb4 COLLATE=utf8mb4_0900_ai_ci;

CREATE TABLE `income_groups` (
  `id` int NOT NULL AUTO_INCREMENT COMMENT 'This col is primary key of this table',
  `group` varchar(50) CHARACTER SET utf8mb4 COLLATE utf8mb4_0900_ai_ci NOT NULL COMMENT 'This column is used to store income groups',
  PRIMARY KEY (`id`),
  UNIQUE KEY `id` (`id`)
) ENGINE=InnoDB AUTO_INCREMENT=4 DEFAULT CHARSET=utf8mb4 COLLATE=utf8mb4_0900_ai_ci;

CREATE TABLE `policies` (
  `id` int NOT NULL,
  `date_of_purchase` date DEFAULT NULL,
  `premium` int DEFAULT NULL,
  `bodily_injury_liability` tinyint(1) DEFAULT NULL,
  `personal_injury_protection` tinyint(1) DEFAULT NULL,
  `property_damage_liability` tinyint(1) DEFAULT NULL,
  `collision` tinyint(1) DEFAULT NULL,
  `comprehensive` tinyint(1) DEFAULT NULL,
  `customer_id` int NOT NULL,
  `vehicle_id` int NOT NULL,
  `createdAt` datetime DEFAULT CURRENT_TIMESTAMP,
  `updatedAt` datetime DEFAULT CURRENT_TIMESTAMP,
  PRIMARY KEY (`id`),
  KEY `customer_id` (`customer_id`),
  KEY `vehicle_id` (`vehicle_id`),
  CONSTRAINT `policies_ibfk_1` FOREIGN KEY (`customer_id`) REFERENCES `customers` (`id`),
  CONSTRAINT `policies_ibfk_2` FOREIGN KEY (`vehicle_id`) REFERENCES `vehicles` (`id`)
) ENGINE=InnoDB DEFAULT CHARSET=utf8mb4 COLLATE=utf8mb4_0900_ai_ci;

CREATE TABLE `regions` (
  `id` int NOT NULL AUTO_INCREMENT COMMENT 'This col is primary key of this table',
  `region` varchar(50) CHARACTER SET utf8mb4 COLLATE utf8mb4_0900_ai_ci NOT NULL COMMENT 'This column is used to store gender of customer',
  PRIMARY KEY (`id`),
  UNIQUE KEY `id` (`id`)
) ENGINE=InnoDB AUTO_INCREMENT=5 DEFAULT CHARSET=utf8mb4 COLLATE=utf8mb4_0900_ai_ci;

CREATE TABLE `vehicle_segments` (
  `id` int NOT NULL AUTO_INCREMENT COMMENT 'This col is primary key of this table',
  `segment` varchar(50) CHARACTER SET utf8mb4 COLLATE utf8mb4_0900_ai_ci NOT NULL COMMENT 'This column is used to store segment of vehicle',
  PRIMARY KEY (`id`),
  UNIQUE KEY `id` (`id`)
) ENGINE=InnoDB AUTO_INCREMENT=5 DEFAULT CHARSET=utf8mb4 COLLATE=utf8mb4_0900_ai_ci;

CREATE TABLE `vehicles` (
  `id` int NOT NULL,
  `fuel_id` int NOT NULL,
  `segment_id` int NOT NULL,
  PRIMARY KEY (`id`),
  KEY `segment_type` (`segment_id`),
  KEY `fuel_type` (`fuel_id`),
  CONSTRAINT `vehicles_ibfk_1` FOREIGN KEY (`segment_id`) REFERENCES `vehicle_segments` (`id`),
  CONSTRAINT `vehicles_ibfk_2` FOREIGN KEY (`fuel_id`) REFERENCES `fuels` (`id`)
) ENGINE=InnoDB DEFAULT CHARSET=utf8mb4 COLLATE=utf8mb4_0900_ai_ci;

INSERT INTO `customers` (`id`, `gender_id`, `income_group_id`, `region_id`, `marital_status_id`) VALUES
(400, 1, 1, 1, 0),
(401, 1, 2, 2, 1),
(402, 1, 3, 3, 0),
(403, 1, 2, 4, 1),
(404, 1, 2, 1, 1),
(405, 1, 2, 1, 0),
(406, 1, 2, 1, 0),
(407, 1, 2, 1, 0),
(408, 1, 2, 1, 1),
(409, 1, 2, 1, 0),
(410, 1, 2, 1, 1),
(411, 1, 2, 1, 0),
(412, 1, 2, 1, 0),
(413, 1, 2, 1, 0),
(414, 1, 2, 1, 1),
(415, 1, 2, 1, 0),
(416, 1, 2, 1, 1),
(417, 1, 2, 1, 0),
(418, 1, 2, 1, 0),
(419, 1, 2, 1, 0),
(420, 1, 2, 1, 0),
(755, 1, 2, 1, 0),
(756, 1, 2, 1, 1),
(757, 1, 2, 1, 0),
(758, 1, 2, 1, 0),
(759, 1, 2, 1, 0),
(760, 1, 2, 1, 1),
(761, 1, 2, 1, 0),
(762, 1, 2, 1, 0),
(763, 1, 2, 2, 1),
(764, 1, 2, 2, 0),
(765, 1, 2, 2, 0),
(766, 1, 2, 2, 0),
(767, 1, 2, 2, 1),
(768, 1, 2, 2, 1),
(769, 1, 2, 2, 1),
(770, 1, 2, 2, 0),
(771, 1, 2, 2, 0),
(772, 1, 2, 2, 1),
(773, 1, 2, 2, 0),
(774, 1, 2, 2, 1),
(775, 1, 2, 2, 1),
(776, 1, 2, 2, 0),
(777, 1, 2, 2, 0),
(778, 1, 2, 2, 0),
(779, 1, 2, 2, 1),
(780, 1, 2, 2, 0),
(781, 1, 2, 2, 1),
(782, 1, 2, 2, 0),
(783, 1, 2, 2, 0),
(784, 1, 2, 2, 0),
(785, 1, 2, 2, 1),
(786, 1, 2, 2, 1),
(787, 1, 2, 2, 0),
(788, 1, 2, 2, 0),
(789, 1, 2, 2, 0),
(790, 1, 2, 2, 0),
(791, 1, 2, 2, 1),
(792, 1, 2, 2, 1),
(793, 1, 2, 2, 1),
(794, 1, 2, 2, 1),
(795, 1, 2, 2, 1),
(796, 1, 2, 2, 1),
(797, 1, 2, 2, 1),
(798, 1, 2, 2, 0),
(799, 1, 2, 2, 1),
(800, 1, 2, 2, 0),
(801, 1, 2, 2, 1),
(802, 1, 2, 2, 1),
(803, 1, 2, 2, 0),
(804, 1, 2, 2, 0),
(805, 1, 2, 2, 1),
(806, 1, 2, 2, 0),
(807, 1, 2, 2, 0),
(808, 1, 2, 2, 0),
(809, 1, 2, 2, 0),
(810, 1, 2, 2, 1),
(811, 1, 2, 2, 0),
(812, 1, 2, 2, 1),
(813, 1, 2, 2, 1),
(814, 1, 2, 2, 0),
(815, 1, 2, 2, 0),
(816, 1, 2, 2, 1),
(817, 1, 2, 2, 0),
(818, 1, 2, 2, 0),
(819, 1, 2, 2, 1),
(820, 1, 2, 2, 0),
(821, 1, 2, 2, 0),
(822, 1, 2, 2, 1),
(823, 1, 2, 2, 1),
(824, 1, 2, 2, 0),
(825, 1, 2, 2, 0),
(826, 1, 2, 2, 0),
(827, 1, 2, 2, 0),
(828, 1, 2, 2, 0),
(829, 1, 2, 2, 0),
(830, 1, 2, 2, 1),
(831, 1, 2, 2, 1),
(832, 1, 2, 2, 0),
(833, 1, 2, 2, 0),
(834, 1, 2, 2, 1),
(835, 1, 2, 2, 0),
(836, 1, 2, 2, 0),
(837, 1, 2, 2, 0),
(838, 1, 2, 2, 0),
(839, 1, 2, 2, 1),
(840, 1, 2, 2, 0),
(995, 1, 3, 2, 0),
(996, 1, 3, 2, 1),
(997, 1, 3, 2, 1),
(998, 1, 3, 2, 0),
(999, 1, 3, 2, 0),
(1000, 1, 3, 2, 1),
(1001, 1, 3, 2, 1),
(1002, 1, 3, 2, 1),
(1003, 1, 3, 2, 1),
(1004, 1, 3, 2, 0),
(1005, 1, 3, 2, 0),
(1006, 1, 3, 2, 0),
(1007, 1, 3, 2, 1),
(1008, 1, 3, 2, 0),
(1009, 1, 3, 2, 1),
(1010, 1, 3, 2, 1),
(1011, 1, 3, 2, 1),
(1012, 1, 3, 2, 1),
(1013, 1, 3, 2, 0),
(1014, 1, 3, 2, 0),
(1015, 1, 3, 2, 0),
(1016, 1, 3, 2, 1),
(1017, 1, 3, 2, 1),
(1018, 1, 3, 2, 1),
(1019, 1, 3, 2, 1),
(1020, 1, 3, 2, 0),
(1021, 1, 3, 2, 1),
(1022, 1, 3, 2, 0),
(1023, 1, 3, 2, 0),
(1024, 1, 3, 2, 1),
(1025, 1, 3, 2, 0),
(1026, 1, 3, 2, 1),
(1027, 1, 3, 2, 0),
(1028, 1, 3, 2, 1),
(1029, 1, 3, 2, 1),
(1030, 1, 3, 2, 1),
(1031, 1, 3, 2, 0),
(1032, 1, 3, 2, 0),
(1033, 1, 3, 2, 0),
(1034, 1, 3, 2, 0),
(1035, 1, 3, 2, 0),
(1036, 1, 3, 2, 1),
(1037, 1, 3, 2, 1),
(1038, 1, 3, 2, 0),
(1039, 1, 3, 2, 1),
(1040, 1, 3, 2, 1),
(1041, 1, 3, 2, 1),
(1042, 1, 3, 2, 0),
(1043, 1, 2, 2, 1),
(1044, 1, 2, 2, 0),
(1045, 1, 2, 2, 0),
(1046, 1, 2, 2, 1),
(1047, 1, 2, 2, 1),
(1048, 1, 2, 2, 1),
(1049, 1, 2, 2, 0),
(1050, 1, 2, 2, 0),
(1051, 1, 2, 2, 0),
(1052, 1, 2, 2, 1),
(1053, 1, 2, 2, 0),
(1054, 1, 2, 2, 1),
(1055, 1, 2, 2, 1),
(1056, 1, 2, 2, 1),
(1057, 1, 2, 2, 0),
(1058, 1, 2, 2, 1),
(1059, 1, 2, 2, 0),
(1060, 1, 2, 2, 1),
(1061, 1, 2, 2, 1),
(1062, 1, 2, 2, 0),
(1063, 1, 2, 2, 1),
(1064, 1, 2, 2, 1),
(1065, 1, 2, 2, 0),
(1066, 1, 2, 2, 0),
(1067, 1, 2, 2, 0),
(1068, 1, 2, 2, 0),
(1069, 1, 2, 2, 0),
(1070, 1, 2, 2, 0),
(1071, 1, 2, 2, 0),
(1072, 1, 2, 2, 0),
(1073, 1, 2, 2, 0),
(1074, 1, 2, 2, 1),
(1075, 1, 2, 2, 1),
(1076, 1, 2, 2, 1),
(1077, 1, 2, 2, 1),
(1078, 1, 2, 2, 0),
(1079, 1, 2, 2, 1),
(1080, 1, 2, 2, 0),
(1081, 1, 2, 2, 1),
(1082, 1, 2, 2, 0),
(1083, 1, 2, 2, 0),
(1084, 1, 2, 2, 0),
(1085, 1, 2, 2, 0),
(1086, 1, 2, 2, 0),
(1087, 1, 2, 2, 0),
(1088, 1, 2, 2, 0),
(1089, 1, 2, 2, 1),
(1090, 1, 2, 2, 0),
(1091, 1, 2, 2, 0),
(1092, 1, 2, 2, 0),
(1093, 1, 2, 2, 1),
(1094, 1, 2, 2, 1),
(1095, 1, 2, 2, 0),
(1096, 1, 2, 2, 1),
(1097, 1, 2, 2, 1),
(1098, 1, 2, 2, 0),
(1099, 1, 2, 2, 1),
(1100, 1, 2, 2, 1),
(1101, 1, 2, 2, 0),
(1102, 1, 2, 2, 0),
(1103, 1, 2, 2, 1),
(1104, 1, 2, 2, 0),
(1105, 1, 2, 2, 0),
(1106, 1, 2, 2, 0),
(1107, 1, 2, 2, 1),
(1108, 1, 2, 2, 1),
(1109, 1, 2, 2, 1),
(1110, 1, 2, 2, 0),
(1111, 1, 2, 2, 0),
(1112, 1, 2, 2, 1),
(1113, 1, 2, 2, 0),
(1114, 1, 2, 2, 0),
(1115, 1, 2, 2, 1),
(1116, 1, 2, 2, 1),
(1117, 1, 2, 2, 0),
(1118, 1, 2, 2, 0),
(1119, 1, 2, 2, 0),
(1120, 1, 2, 2, 0),
(1121, 1, 2, 2, 0),
(1122, 1, 2, 2, 1),
(1123, 1, 2, 2, 0),
(1124, 1, 2, 2, 0),
(1125, 1, 2, 2, 0),
(1126, 1, 2, 2, 1),
(1127, 1, 2, 2, 1),
(1128, 1, 2, 3, 0),
(1129, 1, 2, 3, 0),
(1130, 1, 2, 3, 0),
(1131, 1, 2, 3, 1),
(1132, 1, 2, 3, 0),
(1133, 1, 2, 3, 1),
(1134, 1, 2, 3, 0),
(1135, 1, 2, 3, 1),
(1136, 1, 2, 3, 1),
(1137, 1, 2, 3, 1),
(1138, 1, 2, 3, 1),
(1139, 1, 2, 3, 0),
(1140, 1, 2, 3, 1),
(1141, 1, 2, 3, 1),
(1142, 1, 2, 3, 1),
(1143, 1, 2, 3, 1),
(1144, 1, 2, 3, 0),
(1145, 1, 2, 3, 1),
(1146, 1, 2, 3, 1),
(1147, 1, 2, 3, 0),
(1148, 1, 2, 3, 1),
(1149, 1, 2, 3, 1),
(1150, 1, 2, 3, 0),
(1151, 1, 2, 3, 1),
(1152, 1, 2, 3, 1),
(1153, 1, 2, 3, 0),
(1154, 1, 2, 3, 0),
(1155, 1, 2, 3, 0),
(1156, 1, 2, 3, 1),
(1157, 1, 2, 3, 1),
(1158, 1, 2, 3, 1),
(1159, 1, 2, 3, 0),
(1160, 1, 2, 3, 1),
(1161, 1, 2, 3, 0),
(1162, 1, 2, 3, 1),
(1163, 1, 2, 3, 1),
(1164, 1, 2, 3, 0),
(1165, 1, 2, 3, 1),
(1166, 1, 2, 3, 1),
(1167, 1, 1, 3, 0),
(1168, 1, 1, 3, 0),
(1169, 1, 1, 3, 1),
(1170, 1, 1, 3, 1),
(1171, 1, 1, 3, 1),
(1172, 1, 1, 3, 0),
(1173, 1, 1, 3, 1),
(1174, 1, 1, 3, 1),
(1175, 1, 1, 3, 0),
(1176, 1, 1, 3, 0),
(1177, 1, 1, 3, 0),
(1178, 1, 1, 3, 1),
(1179, 1, 1, 3, 1),
(1180, 1, 1, 3, 0),
(1181, 1, 1, 3, 1),
(1182, 1, 1, 3, 1),
(1183, 1, 1, 3, 0),
(1184, 1, 1, 3, 1),
(1185, 1, 1, 3, 0),
(1186, 1, 1, 3, 1),
(1187, 1, 1, 3, 1),
(1188, 1, 1, 3, 1),
(1189, 1, 1, 3, 0),
(1190, 1, 1, 3, 0),
(1191, 1, 1, 3, 1),
(1192, 1, 1, 3, 1),
(1193, 1, 1, 3, 0),
(1194, 1, 1, 3, 0),
(1195, 1, 1, 3, 0),
(1196, 1, 1, 3, 1),
(1197, 1, 1, 3, 1),
(1198, 1, 1, 3, 0),
(1199, 1, 1, 3, 0),
(1200, 1, 1, 3, 0),
(1201, 1, 1, 3, 1),
(1202, 1, 1, 3, 0),
(1203, 1, 1, 3, 0),
(1204, 1, 1, 3, 0),
(1205, 1, 1, 3, 1),
(1206, 1, 1, 3, 0),
(1207, 1, 1, 3, 0),
(1208, 1, 1, 3, 1),
(1209, 1, 1, 3, 0),
(1210, 1, 1, 3, 1),
(1211, 1, 1, 3, 1),
(1212, 1, 1, 3, 1),
(1213, 1, 1, 3, 0),
(1214, 1, 1, 3, 1),
(1215, 1, 1, 3, 1),
(1216, 1, 1, 3, 1),
(1217, 1, 1, 3, 0),
(1218, 1, 1, 3, 0),
(1219, 1, 1, 3, 1),
(1220, 1, 1, 3, 0),
(1221, 1, 1, 3, 0),
(1222, 1, 1, 3, 1),
(1223, 1, 1, 3, 0),
(1224, 1, 1, 3, 1),
(1225, 1, 1, 3, 1),
(1226, 1, 1, 3, 0),
(1227, 1, 1, 3, 1),
(1228, 1, 1, 3, 0),
(1229, 1, 1, 3, 0),
(1230, 1, 1, 3, 0),
(1231, 1, 1, 3, 1),
(1232, 1, 1, 3, 0),
(1233, 1, 1, 3, 0),
(1234, 1, 1, 3, 1),
(1235, 1, 1, 3, 1),
(1236, 1, 1, 3, 1),
(1237, 1, 1, 3, 1),
(1238, 1, 1, 3, 1),
(1239, 1, 1, 3, 0),
(1240, 1, 1, 3, 0),
(1241, 1, 1, 3, 1),
(1242, 1, 1, 3, 1),
(1243, 1, 1, 3, 0),
(1244, 1, 1, 3, 0),
(1245, 1, 1, 3, 1),
(1246, 1, 1, 3, 1),
(1247, 1, 1, 3, 1),
(1248, 1, 1, 3, 1),
(1249, 1, 1, 3, 0),
(1250, 1, 1, 3, 1),
(1251, 1, 1, 3, 1),
(1252, 1, 1, 3, 1),
(1253, 1, 1, 3, 0),
(1254, 1, 1, 3, 0),
(1255, 1, 1, 3, 0),
(1256, 1, 1, 3, 1),
(1257, 1, 1, 3, 1),
(1258, 1, 1, 3, 0),
(1259, 1, 1, 3, 1),
(1260, 1, 1, 3, 1),
(1261, 1, 1, 3, 0),
(1262, 1, 1, 3, 1),
(1263, 1, 1, 3, 1),
(1264, 1, 1, 3, 1),
(1265, 1, 1, 3, 0),
(1266, 1, 1, 3, 1),
(1267, 1, 1, 3, 1),
(1268, 1, 1, 3, 1),
(1269, 1, 1, 3, 0),
(1270, 1, 1, 3, 0),
(1271, 1, 1, 3, 1),
(1272, 1, 1, 3, 0),
(1273, 1, 1, 3, 1),
(1274, 1, 1, 3, 0),
(1275, 1, 1, 3, 1),
(1276, 1, 1, 3, 1),
(1277, 1, 1, 3, 1),
(1278, 1, 1, 3, 1),
(1279, 1, 1, 3, 0),
(1280, 1, 1, 3, 1),
(1281, 1, 1, 3, 1),
(1282, 1, 1, 3, 0),
(1283, 1, 1, 3, 1),
(1284, 1, 1, 3, 0),
(1285, 1, 1, 3, 1),
(1286, 1, 1, 3, 0),
(1287, 1, 1, 3, 1),
(1288, 1, 1, 3, 0),
(1289, 1, 1, 3, 1),
(1290, 1, 1, 3, 1),
(1291, 1, 1, 3, 1),
(1292, 1, 1, 3, 1),
(1293, 1, 1, 3, 1),
(1294, 1, 1, 3, 0),
(1295, 1, 1, 3, 1),
(1296, 1, 1, 3, 1),
(1297, 1, 1, 3, 0),
(1298, 1, 1, 3, 0),
(1299, 1, 1, 3, 0),
(1300, 1, 1, 3, 1),
(1301, 1, 1, 3, 0),
(1302, 1, 1, 3, 0),
(1303, 1, 1, 3, 0),
(1304, 1, 1, 3, 0),
(1305, 1, 1, 3, 1),
(1306, 1, 1, 3, 1),
(1307, 2, 1, 3, 0),
(1308, 2, 1, 3, 1),
(1309, 2, 1, 3, 1),
(1310, 2, 1, 3, 1),
(1311, 2, 1, 3, 0),
(1312, 2, 1, 3, 1),
(1313, 2, 1, 3, 0),
(1314, 2, 1, 3, 1),
(1315, 2, 1, 3, 0),
(1316, 2, 1, 3, 1),
(1317, 2, 1, 3, 0),
(1318, 2, 1, 3, 1),
(1319, 2, 1, 3, 0),
(1320, 2, 1, 3, 0),
(1321, 2, 1, 3, 0),
(1322, 2, 1, 3, 0),
(1323, 2, 1, 3, 0),
(1324, 2, 1, 3, 1),
(1325, 2, 1, 3, 0),
(1326, 2, 1, 3, 0),
(1327, 2, 1, 3, 1),
(1328, 2, 1, 3, 1),
(1329, 2, 1, 3, 1),
(1330, 2, 1, 3, 0),
(1331, 2, 1, 3, 1),
(1332, 2, 1, 3, 0),
(1333, 2, 1, 3, 0),
(1334, 2, 1, 3, 1),
(1335, 2, 1, 3, 1),
(1336, 2, 1, 3, 1),
(1337, 2, 1, 3, 0),
(1338, 2, 1, 3, 0),
(1339, 2, 1, 3, 1),
(1340, 2, 1, 3, 1),
(1341, 2, 1, 3, 1),
(1342, 2, 1, 3, 0),
(1343, 2, 1, 3, 0),
(1344, 2, 1, 3, 1),
(1345, 2, 1, 3, 1),
(1346, 2, 1, 3, 0),
(1347, 2, 1, 3, 0),
(1348, 2, 1, 3, 0),
(1349, 2, 1, 3, 1),
(1350, 2, 1, 3, 1),
(1351, 2, 1, 3, 1),
(1352, 2, 1, 3, 0),
(1353, 2, 1, 3, 1),
(1354, 2, 1, 3, 0),
(1355, 2, 1, 3, 1),
(1356, 2, 1, 3, 1),
(1357, 2, 1, 3, 0),
(1358, 2, 1, 3, 1),
(1359, 2, 1, 3, 1),
(1360, 2, 1, 3, 0),
(1361, 2, 1, 3, 0),
(1362, 2, 1, 3, 0),
(1363, 2, 1, 3, 1),
(1364, 2, 1, 3, 0),
(1365, 2, 1, 3, 1),
(1366, 2, 1, 3, 1),
(1367, 2, 1, 3, 1),
(1368, 2, 1, 3, 0),
(1369, 2, 1, 3, 0),
(1370, 2, 1, 3, 1),
(1371, 2, 1, 3, 0),
(1372, 2, 1, 3, 1),
(1373, 2, 1, 3, 1),
(1374, 2, 1, 3, 0),
(1375, 2, 1, 3, 1),
(1376, 2, 1, 3, 1),
(1377, 2, 1, 3, 1),
(1378, 2, 1, 3, 0),
(1379, 2, 1, 3, 0),
(1380, 2, 1, 3, 1),
(1381, 2, 1, 3, 1),
(1382, 2, 1, 3, 1),
(1383, 2, 1, 3, 1),
(1384, 2, 1, 3, 1),
(1385, 2, 1, 3, 1),
(1386, 2, 1, 3, 0),
(1387, 2, 1, 3, 0);

INSERT INTO `customers` (`id`, `gender_id`, `income_group_id`, `region_id`, `marital_status_id`) VALUES
(1388, 2, 1, 3, 0),
(1389, 2, 1, 3, 0),
(1390, 2, 1, 3, 0),
(1391, 2, 1, 3, 0),
(1392, 2, 1, 3, 0),
(1393, 2, 1, 3, 1),
(1394, 2, 1, 3, 0),
(1395, 2, 1, 3, 0),
(1396, 2, 1, 3, 1),
(1397, 2, 1, 3, 0),
(1398, 2, 1, 3, 1),
(1399, 2, 1, 3, 0),
(1400, 2, 1, 3, 1),
(1401, 2, 1, 3, 1),
(1402, 2, 1, 3, 0),
(1403, 2, 1, 3, 1),
(1404, 2, 1, 3, 0),
(1405, 2, 1, 3, 1),
(1406, 2, 1, 3, 0),
(1407, 2, 1, 3, 0),
(1408, 2, 1, 3, 1),
(1409, 2, 1, 3, 0),
(1410, 2, 1, 3, 1),
(1411, 2, 1, 3, 0),
(1412, 2, 1, 3, 1),
(1413, 2, 1, 3, 1),
(1414, 2, 1, 3, 1),
(1415, 2, 1, 3, 1),
(1416, 2, 1, 3, 0),
(1417, 2, 1, 3, 0),
(1418, 2, 1, 3, 1),
(1419, 2, 1, 3, 0),
(1420, 2, 1, 3, 1),
(1421, 2, 1, 3, 0),
(1422, 2, 1, 3, 0),
(1423, 2, 1, 3, 0),
(1424, 2, 1, 3, 0),
(1425, 2, 1, 3, 1),
(1426, 2, 1, 3, 1),
(1427, 2, 1, 3, 0),
(1428, 2, 1, 3, 0),
(1429, 2, 1, 3, 1),
(1430, 2, 1, 3, 1),
(1431, 2, 1, 3, 0),
(1432, 2, 1, 3, 0),
(1433, 2, 1, 4, 0),
(1434, 2, 1, 4, 0),
(1435, 2, 1, 4, 1),
(1436, 2, 1, 4, 1),
(1437, 2, 1, 4, 1),
(1438, 2, 1, 4, 0),
(1439, 2, 1, 4, 0),
(1440, 2, 1, 4, 1),
(1441, 2, 1, 4, 0),
(1442, 2, 1, 4, 0),
(1443, 2, 1, 4, 0),
(1444, 2, 1, 4, 0),
(1445, 2, 1, 4, 0),
(1446, 2, 1, 4, 0),
(1447, 2, 1, 4, 0),
(1448, 2, 1, 4, 0),
(1449, 2, 1, 4, 1),
(1450, 2, 1, 4, 0),
(1451, 2, 1, 4, 0),
(1452, 2, 1, 4, 1),
(1453, 2, 1, 4, 1),
(1454, 2, 1, 4, 1),
(1455, 2, 1, 4, 0),
(1456, 2, 1, 4, 1),
(1457, 2, 1, 4, 1),
(1458, 2, 1, 4, 1),
(1459, 2, 1, 4, 1),
(1460, 2, 1, 4, 0),
(1461, 2, 1, 4, 0),
(1462, 2, 1, 4, 0),
(1463, 2, 1, 4, 0),
(1464, 2, 1, 4, 0),
(1465, 2, 1, 4, 1),
(1466, 2, 1, 4, 1),
(1467, 2, 1, 4, 1),
(1468, 2, 1, 4, 1),
(1469, 2, 1, 4, 0),
(1470, 2, 1, 4, 1),
(1471, 2, 1, 4, 0),
(1472, 2, 1, 4, 1),
(1473, 2, 1, 4, 1),
(1474, 2, 1, 4, 0),
(1475, 2, 1, 4, 0),
(1476, 2, 1, 4, 0),
(1477, 2, 1, 4, 0),
(1478, 2, 1, 4, 0),
(1479, 2, 1, 4, 1),
(1480, 2, 1, 4, 1),
(1481, 2, 1, 4, 0),
(1482, 2, 1, 4, 1),
(1483, 2, 1, 4, 0),
(1484, 2, 1, 4, 1),
(1485, 2, 1, 4, 0),
(1486, 2, 1, 4, 1),
(1487, 2, 1, 4, 0),
(1488, 2, 1, 4, 1),
(1489, 2, 1, 4, 1),
(1490, 2, 1, 4, 1),
(1491, 2, 1, 4, 1),
(1492, 2, 1, 4, 0),
(1493, 2, 1, 4, 1),
(1494, 2, 1, 4, 0),
(1495, 2, 1, 4, 0),
(1496, 2, 1, 4, 1),
(1497, 2, 1, 4, 0),
(1498, 2, 1, 4, 0),
(1499, 2, 1, 4, 0),
(1500, 2, 1, 4, 1),
(1501, 2, 1, 4, 1),
(1502, 2, 1, 4, 1),
(1503, 2, 1, 4, 0),
(1504, 2, 1, 4, 1),
(1505, 2, 1, 4, 1),
(1506, 2, 1, 4, 0),
(1507, 2, 1, 4, 0),
(1508, 2, 1, 4, 1),
(1509, 2, 1, 4, 1),
(1510, 2, 1, 4, 1),
(1511, 2, 1, 4, 1),
(1512, 2, 1, 4, 1),
(1513, 2, 1, 4, 1),
(1514, 2, 1, 4, 1),
(1515, 2, 1, 4, 0),
(1516, 2, 1, 4, 0),
(1517, 2, 1, 4, 0),
(1518, 2, 1, 4, 0),
(1519, 2, 1, 4, 1),
(1520, 2, 1, 4, 1),
(1521, 2, 1, 4, 1),
(1522, 2, 1, 4, 1),
(1523, 2, 1, 4, 1),
(1524, 2, 1, 4, 1),
(1525, 2, 1, 4, 1),
(1526, 2, 1, 4, 0),
(1527, 2, 1, 4, 0),
(1528, 2, 1, 4, 1),
(1529, 2, 1, 4, 1),
(1530, 2, 1, 4, 1),
(1531, 2, 1, 4, 1),
(1532, 2, 1, 4, 0),
(1533, 2, 1, 4, 1),
(1534, 2, 1, 4, 0),
(1535, 2, 1, 4, 0),
(1536, 2, 1, 4, 0),
(1537, 2, 1, 4, 1),
(1538, 2, 1, 4, 1),
(1539, 2, 1, 4, 1),
(1540, 2, 1, 4, 1),
(1541, 2, 1, 4, 0),
(1542, 2, 1, 4, 1),
(1543, 2, 1, 4, 0),
(1544, 2, 1, 4, 0),
(1545, 2, 1, 4, 0),
(1546, 2, 1, 4, 0),
(1547, 2, 1, 4, 0),
(1548, 2, 1, 4, 0),
(1549, 2, 1, 4, 0),
(1550, 2, 1, 4, 0),
(1551, 2, 1, 4, 0),
(1552, 2, 1, 4, 0),
(1553, 2, 1, 4, 1),
(1554, 2, 1, 4, 1),
(1555, 2, 1, 4, 1),
(1556, 2, 1, 4, 1),
(1557, 2, 1, 4, 0),
(1558, 2, 1, 4, 1),
(1559, 2, 1, 4, 1),
(1560, 2, 1, 4, 0),
(1561, 2, 1, 4, 0),
(1562, 2, 1, 4, 0),
(1563, 2, 1, 4, 1),
(1564, 2, 1, 4, 1),
(1565, 2, 1, 4, 1),
(1566, 2, 1, 4, 1),
(1567, 2, 1, 4, 0),
(1568, 2, 1, 4, 1),
(1569, 2, 1, 4, 0),
(1570, 2, 1, 4, 0),
(1571, 2, 1, 4, 1),
(1572, 2, 1, 4, 0),
(1573, 2, 1, 4, 0),
(1574, 2, 1, 4, 0),
(1575, 2, 1, 4, 0),
(1576, 2, 1, 4, 1),
(1577, 2, 1, 4, 1),
(1578, 2, 1, 4, 1),
(1579, 2, 1, 4, 1),
(1580, 2, 1, 4, 1),
(1581, 2, 1, 4, 0),
(1582, 2, 1, 4, 0),
(1583, 2, 1, 4, 0),
(1584, 2, 1, 4, 1),
(1585, 2, 1, 4, 1),
(1586, 2, 1, 4, 0),
(1587, 2, 1, 4, 1),
(1588, 2, 1, 4, 0),
(1589, 2, 1, 4, 1),
(1590, 2, 1, 4, 1),
(1591, 2, 1, 4, 0),
(1592, 2, 1, 4, 0),
(1593, 2, 1, 4, 1),
(1594, 2, 1, 4, 1),
(1595, 2, 1, 4, 0),
(1596, 2, 1, 4, 0),
(1597, 2, 1, 4, 0),
(1598, 2, 1, 4, 1),
(1599, 2, 1, 4, 0);

INSERT INTO `fuels` (`id`, `fuel`) VALUES
(1, 'CNG'),
(2, 'Petrol'),
(3, 'Diesel');

INSERT INTO `genders` (`id`, `gender`) VALUES
(1, 'Male'),
(2, 'Female');

INSERT INTO `income_groups` (`id`, `group`) VALUES
(1, '0- $25K'),
(2, '$25-$70K'),
(3, '>$70K');

INSERT INTO `policies` (`id`, `date_of_purchase`, `premium`, `bodily_injury_liability`, `personal_injury_protection`, `property_damage_liability`, `collision`, `comprehensive`, `customer_id`, `vehicle_id`, `createdAt`, `updatedAt`) VALUES
(420, '2018-01-24', 1000, 1, 1, 1, 1, 0, 418, 19, '2021-08-15 17:43:33', '2021-08-18 06:26:16'),
(840, '2018-04-01', 2089, 0, 1, 0, 1, 0, 420, 32, '2021-08-15 17:43:33', '2021-08-15 17:44:06'),
(12345, '2018-01-16', 958, 0, 0, 0, 1, 1, 400, 1, '2021-08-15 17:43:33', '2021-08-15 17:44:06'),
(12346, '2018-04-01', 1272, 1, 0, 0, 0, 1, 401, 2, '2021-08-15 17:43:33', '2021-08-15 17:44:06'),
(12347, '2018-07-01', 2150, 0, 1, 1, 1, 0, 402, 3, '2021-08-15 17:43:33', '2021-08-15 17:44:06'),
(12348, '2018-07-01', 2123, 1, 0, 1, 1, 1, 403, 4, '2021-08-15 17:43:33', '2021-08-15 17:44:06'),
(12349, '2018-01-01', 1110, 1, 1, 1, 1, 1, 404, 5, '2021-08-15 17:43:33', '2021-08-15 17:44:06'),
(12350, '2018-01-22', 1571, 0, 0, 1, 0, 0, 405, 6, '2021-08-15 17:43:33', '2021-08-15 17:44:06'),
(12351, '2018-01-19', 1030, 1, 1, 1, 1, 0, 406, 7, '2021-08-15 17:43:33', '2021-08-15 17:44:06'),
(12352, '2018-01-23', 1732, 1, 1, 1, 0, 0, 407, 8, '2021-08-15 17:43:33', '2021-08-15 17:44:06'),
(12353, '2018-01-01', 2175, 0, 0, 1, 0, 1, 408, 9, '2021-08-15 17:43:33', '2021-08-15 17:44:06'),
(12354, '2018-01-20', 1725, 0, 0, 0, 1, 0, 409, 10, '2021-08-15 17:43:33', '2021-08-15 17:44:06'),
(12355, '2018-01-28', 1805, 0, 1, 0, 1, 0, 410, 11, '2021-08-15 17:43:33', '2021-08-15 17:44:06'),
(12356, '2018-01-17', 1552, 1, 1, 0, 0, 1, 411, 12, '2021-08-15 17:43:33', '2021-08-15 17:44:06'),
(12357, '2018-01-29', 1888, 0, 1, 1, 1, 1, 412, 13, '2021-08-15 17:43:33', '2021-08-15 17:44:06'),
(12358, '2018-01-18', 1355, 1, 0, 0, 1, 0, 413, 14, '2021-08-15 17:43:33', '2021-08-15 17:44:06'),
(12359, '2018-01-19', 2356, 0, 0, 0, 0, 1, 414, 15, '2021-08-15 17:43:33', '2021-08-15 17:44:06'),
(12360, '2018-06-01', 2102, 1, 0, 0, 1, 0, 415, 16, '2021-08-15 17:43:33', '2021-08-15 17:44:06'),
(12361, '2018-01-27', 1258, 1, 1, 1, 1, 1, 416, 17, '2021-08-15 17:43:33', '2021-08-15 17:44:06'),
(12362, '2018-01-21', 2326, 0, 1, 0, 1, 1, 417, 18, '2021-08-15 17:43:33', '2021-08-15 17:44:06'),
(12364, '2018-08-01', 2397, 1, 1, 1, 0, 0, 419, 20, '2021-08-15 17:43:33', '2021-08-15 17:44:06'),
(12365, '2018-01-23', 1493, 1, 0, 0, 0, 0, 420, 21, '2021-08-15 17:43:33', '2021-08-15 17:44:06'),
(12366, '2018-02-01', 661, 0, 1, 1, 0, 0, 420, 22, '2021-08-15 17:43:33', '2021-08-15 17:44:06'),
(12367, '2018-03-01', 685, 1, 1, 0, 1, 0, 420, 23, '2021-08-15 17:43:33', '2021-08-15 17:44:06'),
(12368, '2018-08-01', 1006, 1, 1, 1, 1, 1, 420, 24, '2021-08-15 17:43:33', '2021-08-15 17:44:06'),
(12369, '2018-01-16', 1160, 1, 0, 0, 1, 1, 420, 25, '2021-08-15 17:43:33', '2021-08-15 17:44:06'),
(12370, '2018-01-25', 1602, 0, 0, 0, 1, 1, 420, 26, '2021-08-15 17:43:33', '2021-08-15 17:44:06'),
(12371, '2018-01-25', 2355, 0, 1, 1, 1, 1, 420, 27, '2021-08-15 17:43:33', '2021-08-15 17:44:06'),
(12372, '2018-05-01', 1921, 1, 1, 1, 0, 1, 420, 28, '2021-08-15 17:43:33', '2021-08-15 17:44:06'),
(12373, '2018-01-21', 2200, 0, 1, 0, 1, 1, 420, 29, '2021-08-15 17:43:33', '2021-08-15 17:44:06'),
(12374, '2018-01-27', 2357, 0, 1, 1, 1, 1, 420, 30, '2021-08-15 17:43:33', '2021-08-15 17:44:06'),
(12375, '2018-01-22', 1047, 0, 1, 0, 1, 0, 420, 31, '2021-08-15 17:43:33', '2021-08-15 17:44:06'),
(12377, '2018-01-15', 1780, 0, 0, 0, 1, 1, 420, 33, '2021-08-15 17:43:33', '2021-08-15 17:44:06'),
(12378, '2018-01-26', 1035, 1, 0, 1, 0, 0, 420, 34, '2021-08-15 17:43:33', '2021-08-15 17:44:06'),
(12379, '2018-01-29', 526, 1, 1, 1, 0, 1, 420, 35, '2021-08-15 17:43:33', '2021-08-15 17:44:06'),
(12380, '2018-01-20', 1827, 0, 0, 1, 1, 0, 420, 36, '2021-08-15 17:43:33', '2021-08-15 17:44:06'),
(12381, '2018-01-24', 2003, 1, 1, 0, 1, 0, 420, 37, '2021-08-15 17:43:33', '2021-08-15 17:44:06'),
(12382, '2018-08-01', 1960, 0, 1, 1, 1, 1, 420, 38, '2021-08-15 17:43:33', '2021-08-15 17:44:06'),
(12383, '2018-03-01', 1197, 0, 1, 0, 1, 0, 420, 39, '2021-08-15 17:43:33', '2021-08-15 17:44:06'),
(12384, '2018-01-21', 614, 0, 1, 0, 0, 1, 420, 40, '2021-08-15 17:43:33', '2021-08-15 17:44:06'),
(12385, '2018-09-01', 568, 1, 1, 1, 0, 0, 420, 41, '2021-08-15 17:43:33', '2021-08-15 17:44:06'),
(12386, '2018-12-01', 2149, 1, 0, 1, 1, 1, 420, 42, '2021-08-15 17:43:33', '2021-08-15 17:44:06'),
(12387, '2018-01-27', 1797, 1, 0, 1, 0, 1, 420, 43, '2021-08-15 17:43:33', '2021-08-15 17:44:06'),
(12388, '2018-01-14', 1246, 1, 0, 0, 0, 0, 420, 44, '2021-08-15 17:43:33', '2021-08-15 17:44:06'),
(12389, '2018-01-24', 1295, 1, 1, 0, 0, 0, 420, 45, '2021-08-15 17:43:33', '2021-08-15 17:44:06'),
(12390, '2018-01-21', 642, 0, 0, 1, 0, 1, 420, 46, '2021-08-15 17:43:33', '2021-08-15 17:44:06'),
(12391, '2018-06-01', 1979, 1, 1, 1, 1, 1, 420, 47, '2021-08-15 17:43:33', '2021-08-15 17:44:06'),
(12392, '2018-01-13', 2327, 0, 0, 1, 1, 1, 420, 48, '2021-08-15 17:43:33', '2021-08-15 17:44:06'),
(12393, '2018-05-01', 1025, 1, 0, 0, 0, 1, 420, 49, '2021-08-15 17:43:33', '2021-08-15 17:44:06'),
(12394, '2018-01-23', 529, 0, 0, 0, 0, 1, 420, 50, '2021-08-15 17:43:33', '2021-08-15 17:44:06'),
(12395, '2018-01-16', 2072, 0, 0, 1, 0, 0, 420, 51, '2021-08-15 17:43:33', '2021-08-15 17:44:06'),
(12396, '2018-01-18', 2103, 0, 0, 0, 1, 0, 420, 52, '2021-08-15 17:43:33', '2021-08-15 17:44:06'),
(12397, '2018-01-15', 1929, 0, 1, 0, 0, 1, 420, 53, '2021-08-15 17:43:33', '2021-08-15 17:44:06'),
(12398, '2018-01-13', 2143, 1, 0, 1, 1, 1, 420, 54, '2021-08-15 17:43:33', '2021-08-15 17:44:06'),
(12399, '2018-11-01', 2132, 0, 0, 0, 1, 0, 420, 55, '2021-08-15 17:43:33', '2021-08-15 17:44:06'),
(12400, '2018-01-13', 1459, 1, 0, 0, 0, 0, 420, 56, '2021-08-15 17:43:33', '2021-08-15 17:44:06'),
(12401, '2018-01-17', 1831, 1, 1, 0, 0, 0, 420, 57, '2021-08-15 17:43:33', '2021-08-15 17:44:06'),
(12402, '2018-01-30', 1171, 1, 1, 1, 0, 0, 420, 58, '2021-08-15 17:43:33', '2021-08-15 17:44:06'),
(12403, '2018-10-01', 1692, 1, 0, 1, 1, 0, 420, 59, '2021-08-15 17:43:33', '2021-08-15 17:44:06'),
(12404, '2018-11-01', 1262, 0, 1, 1, 0, 1, 420, 60, '2021-08-15 17:43:33', '2021-08-15 17:44:06'),
(12405, '2018-01-23', 2451, 0, 1, 0, 0, 0, 420, 61, '2021-08-15 17:43:33', '2021-08-15 17:44:06'),
(12406, '2018-03-01', 1906, 0, 0, 1, 1, 1, 420, 62, '2021-08-15 17:43:33', '2021-08-15 17:44:06'),
(12407, '2018-01-24', 2095, 1, 0, 1, 1, 0, 420, 63, '2021-08-15 17:43:33', '2021-08-15 17:44:06'),
(12408, '2018-01-20', 1597, 1, 0, 0, 1, 0, 420, 64, '2021-08-15 17:43:33', '2021-08-15 17:44:06'),
(12409, '2018-01-15', 2362, 1, 1, 0, 1, 0, 420, 65, '2021-08-15 17:43:33', '2021-08-15 17:44:06'),
(12410, '2018-01-17', 1612, 1, 1, 0, 1, 0, 420, 66, '2021-08-15 17:43:33', '2021-08-15 17:44:06'),
(12411, '2018-01-19', 711, 0, 0, 0, 1, 1, 420, 67, '2021-08-15 17:43:33', '2021-08-15 17:44:06'),
(12412, '2018-01-29', 1771, 1, 0, 1, 0, 1, 420, 68, '2021-08-15 17:43:33', '2021-08-15 17:44:06'),
(12413, '2018-01-20', 1301, 0, 1, 0, 0, 1, 420, 69, '2021-08-15 17:43:33', '2021-08-15 17:44:06'),
(12414, '2018-01-16', 2411, 1, 1, 0, 0, 1, 420, 70, '2021-08-15 17:43:33', '2021-08-15 17:44:06'),
(12415, '2018-10-01', 1065, 0, 1, 0, 0, 1, 420, 71, '2021-08-15 17:43:33', '2021-08-15 17:44:06'),
(12416, '2018-01-13', 2393, 1, 1, 1, 1, 0, 420, 72, '2021-08-15 17:43:33', '2021-08-15 17:44:06'),
(12417, '2018-05-01', 1837, 1, 1, 1, 0, 0, 420, 73, '2021-08-15 17:43:33', '2021-08-15 17:44:06'),
(12418, '2018-01-01', 1598, 0, 0, 1, 0, 0, 420, 74, '2021-08-15 17:43:33', '2021-08-15 17:44:06'),
(12419, '2018-01-30', 1072, 1, 0, 1, 0, 1, 420, 75, '2021-08-15 17:43:33', '2021-08-15 17:44:06'),
(12420, '2018-01-25', 591, 0, 0, 1, 0, 0, 420, 76, '2021-08-15 17:43:33', '2021-08-15 17:44:06'),
(12421, '2018-01-18', 1617, 1, 1, 1, 0, 1, 420, 77, '2021-08-15 17:43:33', '2021-08-15 17:44:06'),
(12422, '2018-04-01', 1174, 1, 0, 1, 1, 0, 420, 78, '2021-08-15 17:43:33', '2021-08-15 17:44:06'),
(12423, '2018-01-28', 2241, 1, 1, 1, 0, 1, 420, 79, '2021-08-15 17:43:33', '2021-08-15 17:44:06'),
(12424, '2018-01-31', 2248, 1, 1, 0, 1, 1, 420, 80, '2021-08-15 17:43:33', '2021-08-15 17:44:06'),
(12425, '2018-01-27', 2121, 1, 1, 0, 0, 1, 420, 81, '2021-08-15 17:43:33', '2021-08-15 17:44:06'),
(12426, '2018-01-25', 1994, 0, 0, 0, 0, 1, 420, 82, '2021-08-15 17:43:33', '2021-08-15 17:44:06'),
(12427, '2018-01-01', 2442, 1, 1, 0, 0, 0, 420, 83, '2021-08-15 17:43:33', '2021-08-15 17:44:06'),
(12428, '2018-01-23', 1763, 0, 1, 1, 0, 0, 420, 84, '2021-08-15 17:43:33', '2021-08-15 17:44:06'),
(12429, '2018-01-28', 1494, 0, 0, 0, 1, 1, 420, 85, '2021-08-15 17:43:33', '2021-08-15 17:44:06'),
(12430, '2018-03-01', 2039, 1, 0, 1, 1, 0, 420, 86, '2021-08-15 17:43:33', '2021-08-15 17:44:06'),
(12431, '2018-01-27', 898, 1, 0, 0, 0, 0, 420, 87, '2021-08-15 17:43:33', '2021-08-15 17:44:06'),
(12432, '2018-12-01', 823, 0, 0, 1, 1, 0, 420, 88, '2021-08-15 17:43:33', '2021-08-15 17:44:06'),
(12433, '2018-11-01', 1144, 0, 1, 0, 0, 0, 420, 89, '2021-08-15 17:43:33', '2021-08-15 17:44:06'),
(12434, '2018-01-23', 1051, 0, 0, 1, 0, 0, 420, 90, '2021-08-15 17:43:33', '2021-08-15 17:44:06'),
(12435, '2018-10-01', 1212, 0, 0, 1, 0, 0, 420, 91, '2021-08-15 17:43:33', '2021-08-15 17:44:06'),
(12436, '2018-01-13', 1829, 0, 1, 1, 0, 0, 420, 92, '2021-08-15 17:43:33', '2021-08-15 17:44:06'),
(12437, '2018-01-15', 1548, 0, 0, 0, 1, 0, 420, 93, '2021-08-15 17:43:33', '2021-08-15 17:44:06'),
(12438, '2018-06-01', 1663, 1, 1, 0, 1, 1, 420, 94, '2021-08-15 17:43:33', '2021-08-15 17:44:06'),
(12439, '2018-01-23', 1313, 0, 0, 0, 1, 1, 420, 95, '2021-08-15 17:43:33', '2021-08-15 17:44:06'),
(12440, '2018-04-01', 1915, 1, 1, 1, 0, 0, 420, 96, '2021-08-15 17:43:33', '2021-08-15 17:44:06'),
(12441, '2018-08-01', 1888, 0, 0, 0, 1, 1, 420, 97, '2021-08-15 17:43:33', '2021-08-15 17:44:06'),
(12442, '2018-01-19', 694, 1, 1, 1, 0, 0, 420, 98, '2021-08-15 17:43:33', '2021-08-15 17:44:06'),
(12443, '2018-05-01', 637, 0, 0, 1, 1, 0, 420, 99, '2021-08-15 17:43:33', '2021-08-15 17:44:06'),
(12444, '2018-10-02', 1959, 1, 1, 0, 0, 1, 420, 100, '2021-08-15 17:43:33', '2021-08-15 17:44:06'),
(12445, '2018-08-02', 1673, 0, 1, 1, 1, 1, 420, 101, '2021-08-15 17:43:33', '2021-08-15 17:44:06'),
(12446, '2018-01-02', 934, 1, 0, 1, 0, 1, 420, 102, '2021-08-15 17:43:33', '2021-08-15 17:44:06'),
(12447, '2018-02-23', 2391, 1, 0, 0, 1, 0, 420, 103, '2021-08-15 17:43:33', '2021-08-15 17:44:06'),
(12448, '2018-02-20', 2246, 1, 0, 0, 1, 0, 420, 104, '2021-08-15 17:43:33', '2021-08-15 17:44:06'),
(12449, '2018-03-02', 1328, 0, 1, 1, 0, 0, 420, 105, '2021-08-15 17:43:33', '2021-08-15 17:44:06'),
(12450, '2018-02-13', 2455, 1, 1, 1, 1, 1, 420, 106, '2021-08-15 17:43:33', '2021-08-15 17:44:06'),
(12451, '2018-02-25', 1611, 0, 1, 0, 1, 0, 420, 107, '2021-08-15 17:43:33', '2021-08-15 17:44:06'),
(12452, '2018-03-02', 2256, 1, 0, 0, 1, 0, 420, 108, '2021-08-15 17:43:33', '2021-08-15 17:44:06'),
(12453, '2018-02-26', 1284, 0, 0, 0, 0, 0, 420, 109, '2021-08-15 17:43:33', '2021-08-15 17:44:06'),
(12454, '2018-05-02', 2067, 1, 1, 0, 1, 0, 420, 110, '2021-08-15 17:43:33', '2021-08-15 17:44:06'),
(12455, '2018-11-02', 1477, 1, 0, 0, 1, 0, 420, 111, '2021-08-15 17:43:33', '2021-08-15 17:44:06'),
(12456, '2018-02-18', 865, 0, 0, 0, 0, 1, 420, 112, '2021-08-15 17:43:33', '2021-08-15 17:44:06'),
(12457, '2018-01-02', 1662, 0, 0, 0, 1, 1, 420, 113, '2021-08-15 17:43:33', '2021-08-15 17:44:06'),
(12458, '2018-03-02', 1870, 0, 0, 0, 0, 0, 420, 114, '2021-08-15 17:43:33', '2021-08-15 17:44:06'),
(12459, '2018-05-02', 626, 1, 1, 1, 1, 0, 420, 115, '2021-08-15 17:43:33', '2021-08-15 17:44:06'),
(12460, '2018-11-02', 1658, 1, 0, 1, 1, 0, 420, 116, '2021-08-15 17:43:33', '2021-08-15 17:44:06'),
(12461, '2018-02-16', 1168, 0, 1, 0, 1, 1, 420, 117, '2021-08-15 17:43:33', '2021-08-15 17:44:06'),
(12462, '2018-02-02', 1083, 0, 0, 1, 1, 0, 420, 118, '2021-08-15 17:43:33', '2021-08-15 17:44:06'),
(12463, '2018-06-02', 2253, 0, 1, 0, 1, 0, 420, 119, '2021-08-15 17:43:33', '2021-08-15 17:44:06'),
(12464, '2018-05-02', 708, 1, 1, 1, 0, 1, 420, 120, '2021-08-15 17:43:33', '2021-08-15 17:44:06'),
(12465, '2018-02-14', 2254, 1, 1, 0, 1, 0, 420, 121, '2021-08-15 17:43:33', '2021-08-15 17:44:06'),
(12466, '2018-02-15', 1092, 0, 1, 0, 0, 1, 420, 122, '2021-08-15 17:43:33', '2021-08-15 17:44:06'),
(12467, '2018-02-26', 778, 1, 0, 0, 0, 1, 420, 123, '2021-08-15 17:43:33', '2021-08-15 17:44:06'),
(12468, '2018-02-15', 1041, 0, 0, 1, 1, 1, 420, 124, '2021-08-15 17:43:33', '2021-08-15 17:44:06'),
(12469, '2018-03-02', 2310, 0, 0, 1, 1, 0, 420, 125, '2021-08-15 17:43:33', '2021-08-15 17:44:06'),
(12470, '2018-02-25', 2339, 1, 1, 1, 1, 0, 420, 126, '2021-08-15 17:43:33', '2021-08-15 17:44:06'),
(12471, '2018-12-02', 2218, 0, 0, 1, 0, 1, 420, 127, '2021-08-15 17:43:33', '2021-08-15 17:44:06'),
(12472, '2018-11-02', 1628, 1, 1, 0, 0, 1, 420, 128, '2021-08-15 17:43:33', '2021-08-15 17:44:06'),
(12473, '2018-02-16', 850, 1, 0, 1, 1, 0, 420, 129, '2021-08-15 17:43:33', '2021-08-15 17:44:06'),
(12474, '2018-02-14', 618, 0, 1, 0, 1, 1, 420, 130, '2021-08-15 17:43:33', '2021-08-15 17:44:06'),
(12475, '2018-02-22', 2128, 0, 0, 0, 1, 0, 420, 131, '2021-08-15 17:43:33', '2021-08-15 17:44:06'),
(12476, '2018-02-16', 1213, 1, 0, 0, 1, 1, 420, 132, '2021-08-15 17:43:33', '2021-08-15 17:44:06'),
(12477, '2018-04-02', 749, 1, 0, 1, 0, 1, 420, 133, '2021-08-15 17:43:33', '2021-08-15 17:44:06'),
(12478, '2018-02-14', 2420, 0, 0, 1, 0, 1, 420, 134, '2021-08-15 17:43:33', '2021-08-15 17:44:06'),
(12479, '2018-08-02', 1231, 0, 1, 0, 1, 0, 420, 135, '2021-08-15 17:43:33', '2021-08-15 17:44:06'),
(12480, '2018-02-27', 510, 0, 1, 0, 0, 1, 420, 136, '2021-08-15 17:43:33', '2021-08-15 17:44:06'),
(12481, '2018-02-14', 2376, 0, 1, 1, 0, 1, 420, 137, '2021-08-15 17:43:33', '2021-08-15 17:44:06'),
(12482, '2018-02-27', 1746, 1, 1, 0, 1, 0, 420, 138, '2021-08-15 17:43:33', '2021-08-15 17:44:06'),
(12483, '2018-02-21', 1533, 0, 0, 0, 0, 1, 420, 139, '2021-08-15 17:43:33', '2021-08-15 17:44:06'),
(12484, '2018-02-19', 901, 1, 1, 1, 0, 0, 420, 140, '2021-08-15 17:43:33', '2021-08-15 17:44:06'),
(12485, '2018-04-02', 2021, 0, 0, 1, 1, 0, 420, 141, '2021-08-15 17:43:33', '2021-08-15 17:44:06'),
(12486, '2018-02-22', 1570, 0, 0, 0, 0, 1, 420, 142, '2021-08-15 17:43:33', '2021-08-15 17:44:06'),
(12487, '2018-02-19', 2338, 0, 0, 1, 1, 0, 420, 143, '2021-08-15 17:43:33', '2021-08-15 17:44:06'),
(12488, '2018-10-02', 1065, 0, 0, 1, 0, 1, 420, 144, '2021-08-15 17:43:33', '2021-08-15 17:44:06'),
(12489, '2018-02-14', 2227, 0, 1, 0, 0, 0, 420, 145, '2021-08-15 17:43:33', '2021-08-15 17:44:06'),
(12490, '2018-02-16', 1721, 1, 0, 0, 0, 0, 420, 146, '2021-08-15 17:43:33', '2021-08-15 17:44:06'),
(12491, '2018-05-02', 1914, 0, 0, 1, 1, 0, 420, 147, '2021-08-15 17:43:33', '2021-08-15 17:44:06'),
(12492, '2018-10-02', 1149, 0, 0, 0, 0, 0, 420, 148, '2021-08-15 17:43:33', '2021-08-15 17:44:06'),
(12493, '2018-02-20', 2033, 0, 0, 1, 1, 1, 420, 149, '2021-08-15 17:43:33', '2021-08-15 17:44:06'),
(12494, '2018-02-22', 2025, 0, 0, 0, 1, 0, 420, 150, '2021-08-15 17:43:33', '2021-08-15 17:44:06'),
(12495, '2018-12-02', 743, 1, 0, 1, 0, 0, 420, 151, '2021-08-15 17:43:33', '2021-08-15 17:44:06'),
(12496, '2018-02-18', 1044, 1, 0, 1, 0, 1, 420, 152, '2021-08-15 17:43:33', '2021-08-15 17:44:06'),
(12497, '2018-02-25', 1404, 1, 0, 1, 0, 0, 420, 153, '2021-08-15 17:43:33', '2021-08-15 17:44:06'),
(12498, '2018-02-22', 1569, 1, 1, 1, 0, 0, 420, 154, '2021-08-15 17:43:33', '2021-08-15 17:44:06'),
(12499, '2018-01-02', 1477, 1, 0, 1, 0, 1, 420, 155, '2021-08-15 17:43:33', '2021-08-15 17:44:06'),
(12500, '2018-02-17', 1464, 1, 1, 0, 1, 1, 420, 156, '2021-08-15 17:43:33', '2021-08-15 17:44:06'),
(12501, '2018-02-20', 2487, 1, 1, 0, 0, 1, 420, 157, '2021-08-15 17:43:33', '2021-08-15 17:44:06'),
(12502, '2018-02-15', 2205, 0, 1, 1, 1, 0, 420, 158, '2021-08-15 17:43:33', '2021-08-15 17:44:06'),
(12503, '2018-06-02', 2148, 0, 0, 1, 0, 1, 420, 159, '2021-08-15 17:43:33', '2021-08-15 17:44:06'),
(12504, '2018-02-25', 2006, 1, 1, 0, 1, 0, 420, 160, '2021-08-15 17:43:33', '2021-08-15 17:44:06'),
(12505, '2018-02-27', 2168, 1, 1, 0, 0, 1, 420, 161, '2021-08-15 17:43:33', '2021-08-15 17:44:06'),
(12506, '2018-02-02', 1574, 0, 1, 1, 0, 0, 420, 162, '2021-08-15 17:43:33', '2021-08-15 17:44:06'),
(12507, '2018-02-02', 1764, 1, 0, 0, 1, 1, 420, 163, '2021-08-15 17:43:33', '2021-08-15 17:44:06'),
(12508, '2018-06-02', 2484, 1, 1, 1, 1, 0, 420, 164, '2021-08-15 17:43:33', '2021-08-15 17:44:06'),
(12509, '2018-06-02', 640, 1, 0, 1, 1, 0, 420, 165, '2021-08-15 17:43:33', '2021-08-15 17:44:06'),
(12510, '2018-12-02', 663, 0, 0, 1, 1, 0, 420, 166, '2021-08-15 17:43:33', '2021-08-15 17:44:06'),
(12511, '2018-02-22', 1504, 0, 0, 0, 0, 0, 420, 167, '2021-08-15 17:43:33', '2021-08-15 17:44:06'),
(12512, '2018-02-17', 1908, 0, 1, 0, 1, 1, 420, 168, '2021-08-15 17:43:33', '2021-08-15 17:44:06'),
(12513, '2018-08-02', 519, 0, 0, 0, 0, 1, 420, 169, '2021-08-15 17:43:33', '2021-08-15 17:44:06'),
(12514, '2018-05-02', 1475, 1, 1, 1, 1, 0, 420, 170, '2021-08-15 17:43:33', '2021-08-15 17:44:06'),
(12515, '2018-02-27', 1663, 1, 0, 1, 1, 0, 420, 171, '2021-08-15 17:43:33', '2021-08-15 17:44:06'),
(12516, '2018-02-14', 1179, 0, 1, 0, 0, 0, 420, 172, '2021-08-15 17:43:33', '2021-08-15 17:44:06'),
(12517, '2018-02-17', 898, 0, 1, 1, 0, 1, 420, 173, '2021-08-15 17:43:33', '2021-08-15 17:44:06'),
(12518, '2018-08-02', 641, 1, 0, 1, 1, 0, 420, 174, '2021-08-15 17:43:33', '2021-08-15 17:44:06'),
(12519, '2018-02-24', 1002, 0, 0, 1, 0, 0, 420, 175, '2021-08-15 17:43:33', '2021-08-15 17:44:06'),
(12520, '2018-02-25', 2253, 1, 0, 1, 1, 1, 420, 176, '2021-08-15 17:43:33', '2021-08-15 17:44:06'),
(12521, '2018-10-02', 1100, 1, 0, 0, 1, 1, 420, 177, '2021-08-15 17:43:33', '2021-08-15 17:44:06'),
(12522, '2018-02-19', 2316, 0, 1, 1, 1, 1, 420, 178, '2021-08-15 17:43:33', '2021-08-15 17:44:06'),
(12523, '2018-02-14', 2387, 1, 0, 1, 1, 1, 420, 179, '2021-08-15 17:43:33', '2021-08-15 17:44:06'),
(12524, '2018-02-21', 2193, 0, 1, 0, 1, 0, 420, 180, '2021-08-15 17:43:33', '2021-08-15 17:44:06'),
(12525, '2018-02-22', 2484, 1, 0, 0, 0, 1, 420, 181, '2021-08-15 17:43:33', '2021-08-15 17:44:06'),
(12526, '2018-02-24', 1835, 0, 0, 1, 1, 1, 420, 182, '2021-08-15 17:43:33', '2021-08-15 17:44:06'),
(12527, '2018-02-13', 2310, 0, 0, 1, 1, 0, 420, 183, '2021-08-15 17:43:33', '2021-08-15 17:44:06'),
(12528, '2018-06-02', 545, 1, 1, 0, 0, 0, 420, 184, '2021-08-15 17:43:33', '2021-08-15 17:44:06'),
(12529, '2018-02-21', 1924, 1, 0, 0, 1, 1, 420, 185, '2021-08-15 17:43:33', '2021-08-15 17:44:06'),
(12530, '2018-12-02', 615, 1, 1, 1, 0, 0, 420, 186, '2021-08-15 17:43:33', '2021-08-15 17:44:06'),
(12531, '2018-02-02', 727, 1, 1, 1, 0, 1, 420, 187, '2021-08-15 17:43:33', '2021-08-15 17:44:06'),
(12532, '2018-10-02', 685, 0, 1, 0, 1, 1, 420, 188, '2021-08-15 17:43:33', '2021-08-15 17:44:06'),
(12533, '2018-02-02', 2390, 0, 0, 1, 1, 1, 420, 189, '2021-08-15 17:43:33', '2021-08-15 17:44:06'),
(12534, '2018-02-24', 709, 1, 0, 1, 0, 1, 420, 190, '2021-08-15 17:43:33', '2021-08-15 17:44:06'),
(12535, '2018-02-27', 910, 0, 1, 1, 0, 0, 420, 191, '2021-08-15 17:43:33', '2021-08-15 17:44:06'),
(12536, '2018-02-19', 1030, 0, 1, 1, 0, 0, 420, 192, '2021-08-15 17:43:33', '2021-08-15 17:44:06'),
(12537, '2018-02-16', 1538, 1, 0, 1, 1, 1, 420, 193, '2021-08-15 17:43:33', '2021-08-15 17:44:06'),
(12538, '2018-02-17', 600, 0, 1, 1, 0, 0, 420, 194, '2021-08-15 17:43:33', '2021-08-15 17:44:06'),
(12539, '2018-02-21', 540, 1, 1, 0, 0, 1, 420, 195, '2021-08-15 17:43:33', '2021-08-15 17:44:06'),
(12540, '2018-02-16', 997, 1, 1, 1, 0, 0, 420, 196, '2021-08-15 17:43:33', '2021-08-15 17:44:06'),
(12541, '2018-11-02', 2086, 0, 0, 0, 1, 1, 420, 197, '2021-08-15 17:43:33', '2021-08-15 17:44:06'),
(12542, '2018-02-15', 2491, 1, 0, 0, 1, 0, 420, 198, '2021-08-15 17:43:33', '2021-08-15 17:44:06'),
(12543, '2018-02-22', 651, 1, 1, 1, 0, 1, 420, 199, '2021-08-15 17:43:33', '2021-08-15 17:44:06'),
(12544, '2018-02-23', 1359, 1, 1, 1, 1, 0, 420, 200, '2021-08-15 17:43:33', '2021-08-15 17:44:06'),
(12545, '2018-03-22', 1109, 1, 0, 1, 0, 1, 420, 201, '2021-08-15 17:43:33', '2021-08-15 17:44:06'),
(12546, '2018-03-23', 2347, 1, 1, 1, 1, 0, 420, 202, '2021-08-15 17:43:33', '2021-08-15 17:44:06'),
(12547, '2018-03-18', 966, 0, 0, 1, 1, 1, 420, 203, '2021-08-15 17:43:33', '2021-08-15 17:44:06'),
(12548, '2018-07-03', 935, 0, 1, 0, 1, 0, 420, 204, '2021-08-15 17:43:33', '2021-08-15 17:44:06'),
(12549, '2018-03-27', 2191, 0, 1, 0, 0, 0, 420, 205, '2021-08-15 17:43:33', '2021-08-15 17:44:06'),
(12550, '2018-03-18', 1245, 0, 1, 0, 1, 0, 420, 206, '2021-08-15 17:43:33', '2021-08-15 17:44:06'),
(12551, '2018-05-03', 2448, 0, 0, 1, 1, 0, 420, 207, '2021-08-15 17:43:33', '2021-08-15 17:44:06'),
(12552, '2018-03-29', 525, 0, 1, 1, 0, 1, 420, 208, '2021-08-15 17:43:33', '2021-08-15 17:44:06'),
(12553, '2018-02-03', 1214, 1, 0, 0, 1, 1, 420, 209, '2021-08-15 17:43:33', '2021-08-15 17:44:06'),
(12554, '2018-10-03', 836, 1, 1, 0, 1, 0, 420, 210, '2021-08-15 17:43:33', '2021-08-15 17:44:06'),
(12555, '2018-03-03', 525, 1, 1, 0, 0, 0, 420, 211, '2021-08-15 17:43:33', '2021-08-15 17:44:06'),
(12556, '2018-03-27', 1640, 0, 1, 0, 0, 0, 420, 212, '2021-08-15 17:43:33', '2021-08-15 17:44:06'),
(12557, '2018-02-03', 554, 1, 0, 0, 0, 0, 420, 213, '2021-08-15 17:43:33', '2021-08-15 17:44:06'),
(12558, '2018-03-20', 599, 0, 1, 1, 1, 0, 420, 214, '2021-08-15 17:43:33', '2021-08-15 17:44:06'),
(12559, '2018-03-30', 1269, 1, 1, 1, 1, 0, 420, 215, '2021-08-15 17:43:33', '2021-08-15 17:44:06'),
(12560, '2018-03-24', 838, 1, 0, 0, 1, 1, 420, 216, '2021-08-15 17:43:33', '2021-08-15 17:44:06'),
(12561, '2018-03-18', 745, 1, 0, 1, 0, 1, 420, 217, '2021-08-15 17:43:33', '2021-08-15 17:44:06'),
(12562, '2018-03-28', 1349, 1, 0, 1, 1, 0, 420, 218, '2021-08-15 17:43:33', '2021-08-15 17:44:06'),
(12563, '2018-03-22', 646, 1, 0, 0, 1, 0, 420, 219, '2021-08-15 17:43:33', '2021-08-15 17:44:06'),
(12564, '2018-01-03', 1322, 1, 1, 1, 1, 0, 420, 220, '2021-08-15 17:43:33', '2021-08-15 17:44:06'),
(12565, '2018-03-30', 1050, 0, 0, 1, 0, 0, 420, 221, '2021-08-15 17:43:33', '2021-08-15 17:44:06'),
(12566, '2018-03-23', 2114, 0, 1, 0, 0, 0, 420, 222, '2021-08-15 17:43:33', '2021-08-15 17:44:06'),
(12567, '2018-03-23', 1674, 0, 0, 1, 1, 1, 420, 223, '2021-08-15 17:43:33', '2021-08-15 17:44:06'),
(12568, '2018-03-30', 690, 1, 1, 1, 1, 0, 420, 224, '2021-08-15 17:43:33', '2021-08-15 17:44:06'),
(12569, '2018-03-23', 1679, 1, 0, 1, 0, 0, 420, 225, '2021-08-15 17:43:33', '2021-08-15 17:44:06'),
(12570, '2018-10-03', 1634, 1, 0, 1, 1, 1, 420, 226, '2021-08-15 17:43:33', '2021-08-15 17:44:06'),
(12571, '2018-03-18', 1241, 1, 1, 1, 0, 1, 420, 227, '2021-08-15 17:43:33', '2021-08-15 17:44:06'),
(12572, '2018-11-03', 774, 1, 1, 1, 0, 0, 420, 228, '2021-08-15 17:43:33', '2021-08-15 17:44:06'),
(12573, '2018-03-15', 1049, 1, 0, 1, 1, 0, 420, 229, '2021-08-15 17:43:33', '2021-08-15 17:44:06'),
(12574, '2018-05-03', 697, 0, 0, 0, 1, 1, 420, 230, '2021-08-15 17:43:33', '2021-08-15 17:44:06'),
(12575, '2018-10-03', 653, 0, 1, 0, 0, 0, 420, 231, '2021-08-15 17:43:33', '2021-08-15 17:44:06'),
(12576, '2018-10-03', 1908, 1, 0, 0, 1, 0, 420, 232, '2021-08-15 17:43:33', '2021-08-15 17:44:06'),
(12577, '2018-03-14', 2445, 0, 0, 1, 0, 1, 420, 233, '2021-08-15 17:43:33', '2021-08-15 17:44:06'),
(12578, '2018-03-21', 613, 1, 0, 1, 0, 1, 420, 234, '2021-08-15 17:43:33', '2021-08-15 17:44:06'),
(12579, '2018-03-21', 1560, 1, 0, 1, 1, 1, 420, 235, '2021-08-15 17:43:33', '2021-08-15 17:44:06'),
(12580, '2018-03-22', 1651, 0, 1, 0, 0, 1, 420, 236, '2021-08-15 17:43:33', '2021-08-15 17:44:06'),
(12581, '2018-03-03', 2490, 1, 1, 1, 0, 1, 420, 237, '2021-08-15 17:43:33', '2021-08-15 17:44:06'),
(12582, '2018-10-03', 1669, 0, 0, 1, 0, 0, 420, 238, '2021-08-15 17:43:33', '2021-08-15 17:44:06'),
(12583, '2018-09-03', 1774, 1, 0, 1, 0, 0, 420, 239, '2021-08-15 17:43:33', '2021-08-15 17:44:06'),
(12584, '2018-03-28', 1556, 1, 0, 1, 1, 0, 420, 240, '2021-08-15 17:43:33', '2021-08-15 17:44:06'),
(12585, '2018-08-03', 890, 1, 1, 1, 0, 0, 420, 241, '2021-08-15 17:43:33', '2021-08-15 17:44:06'),
(12586, '2018-09-03', 1169, 0, 0, 0, 1, 1, 420, 242, '2021-08-15 17:43:33', '2021-08-15 17:44:06'),
(12587, '2018-03-20', 1479, 0, 0, 1, 1, 1, 420, 243, '2021-08-15 17:43:33', '2021-08-15 17:44:06'),
(12588, '2018-03-25', 1103, 0, 0, 0, 0, 1, 420, 244, '2021-08-15 17:43:33', '2021-08-15 17:44:06'),
(12589, '2018-03-25', 1747, 1, 1, 1, 1, 0, 420, 245, '2021-08-15 17:43:33', '2021-08-15 17:44:06'),
(12590, '2018-03-22', 2047, 1, 1, 1, 0, 0, 420, 246, '2021-08-15 17:43:33', '2021-08-15 17:44:06'),
(12591, '2018-08-03', 878, 1, 1, 1, 1, 0, 420, 247, '2021-08-15 17:43:33', '2021-08-15 17:44:06'),
(12592, '2018-03-25', 2073, 1, 1, 0, 1, 0, 420, 248, '2021-08-15 17:43:33', '2021-08-15 17:44:06'),
(12593, '2018-04-03', 519, 0, 1, 1, 0, 0, 420, 249, '2021-08-15 17:43:33', '2021-08-15 17:44:06'),
(12594, '2018-03-21', 1215, 1, 1, 0, 0, 0, 420, 250, '2021-08-15 17:43:33', '2021-08-15 17:44:06'),
(12595, '2018-03-25', 1821, 0, 1, 1, 0, 0, 420, 251, '2021-08-15 17:43:33', '2021-08-15 17:44:06'),
(12596, '2018-12-26', 598, 1, 0, 1, 1, 0, 420, 252, '2021-08-15 17:43:33', '2021-08-15 17:44:06'),
(12597, '2018-10-12', 1768, 0, 0, 0, 1, 0, 420, 253, '2021-08-15 17:43:33', '2021-08-15 17:44:06'),
(12598, '2018-10-12', 1821, 1, 0, 0, 1, 0, 420, 254, '2021-08-15 17:43:33', '2021-08-15 17:44:06'),
(12599, '2018-12-27', 2093, 0, 0, 1, 0, 0, 420, 255, '2021-08-15 17:43:33', '2021-08-15 17:44:06'),
(12600, '2018-01-12', 727, 0, 1, 1, 0, 1, 420, 256, '2021-08-15 17:43:33', '2021-08-15 17:44:06'),
(12601, '2018-12-23', 2038, 1, 1, 0, 0, 0, 420, 257, '2021-08-15 17:43:33', '2021-08-15 17:44:06'),
(12602, '2018-12-26', 1830, 1, 1, 0, 1, 0, 420, 258, '2021-08-15 17:43:33', '2021-08-15 17:44:06'),
(12603, '2018-12-25', 1607, 0, 1, 0, 1, 0, 420, 259, '2021-08-15 17:43:33', '2021-08-15 17:44:06'),
(12604, '2018-06-12', 1591, 1, 0, 0, 1, 1, 420, 260, '2021-08-15 17:43:33', '2021-08-15 17:44:06'),
(12605, '2018-12-20', 856, 1, 1, 0, 0, 1, 420, 261, '2021-08-15 17:43:33', '2021-08-15 17:44:06'),
(12606, '2018-12-25', 2135, 1, 0, 0, 1, 1, 420, 262, '2021-08-15 17:43:33', '2021-08-15 17:44:06'),
(12607, '2018-12-30', 854, 1, 1, 0, 0, 0, 420, 263, '2021-08-15 17:43:33', '2021-08-15 17:44:06'),
(12608, '2018-07-12', 2202, 1, 0, 1, 0, 1, 420, 264, '2021-08-15 17:43:33', '2021-08-15 17:44:06'),
(12609, '2018-01-12', 1282, 0, 0, 1, 1, 1, 420, 265, '2021-08-15 17:43:33', '2021-08-15 17:44:06'),
(12610, '2018-01-12', 1975, 1, 1, 0, 1, 0, 420, 266, '2021-08-15 17:43:33', '2021-08-15 17:44:06'),
(12611, '2018-12-12', 1390, 1, 0, 1, 0, 1, 420, 267, '2021-08-15 17:43:33', '2021-08-15 17:44:06'),
(12612, '2018-12-19', 642, 0, 1, 1, 0, 0, 420, 268, '2021-08-15 17:43:33', '2021-08-15 17:44:06'),
(12613, '2018-09-12', 1453, 1, 0, 0, 0, 1, 420, 269, '2021-08-15 17:43:33', '2021-08-15 17:44:06'),
(12614, '2018-11-12', 2031, 0, 0, 0, 1, 1, 420, 270, '2021-08-15 17:43:33', '2021-08-15 17:44:06'),
(12615, '2018-06-12', 2212, 1, 0, 0, 1, 0, 420, 271, '2021-08-15 17:43:33', '2021-08-15 17:44:06'),
(12616, '2018-03-12', 902, 0, 0, 1, 1, 1, 420, 272, '2021-08-15 17:43:33', '2021-08-15 17:44:06'),
(12617, '2018-12-28', 2365, 0, 1, 1, 0, 1, 420, 273, '2021-08-15 17:43:33', '2021-08-15 17:44:06'),
(12618, '2018-12-25', 733, 1, 1, 1, 0, 0, 420, 274, '2021-08-15 17:43:33', '2021-08-15 17:44:06'),
(12619, '2018-09-12', 2266, 1, 1, 0, 0, 1, 420, 275, '2021-08-15 17:43:33', '2021-08-15 17:44:06'),
(12620, '2018-03-17', 2373, 1, 1, 0, 1, 0, 420, 276, '2021-08-15 17:43:33', '2021-08-15 17:44:06'),
(12621, '2018-03-03', 776, 1, 0, 0, 0, 0, 420, 277, '2021-08-15 17:43:33', '2021-08-15 17:44:06'),
(12622, '2018-03-28', 1729, 1, 1, 0, 0, 0, 420, 278, '2021-08-15 17:43:33', '2021-08-15 17:44:06'),
(12623, '2018-03-30', 2437, 0, 1, 1, 1, 1, 420, 279, '2021-08-15 17:43:33', '2021-08-15 17:44:06'),
(12624, '2018-03-26', 1173, 0, 0, 0, 0, 1, 420, 280, '2021-08-15 17:43:33', '2021-08-15 17:44:06'),
(12625, '2018-01-03', 751, 0, 1, 1, 1, 1, 420, 281, '2021-08-15 17:43:33', '2021-08-15 17:44:06'),
(12626, '2018-03-21', 2499, 1, 1, 0, 0, 0, 420, 282, '2021-08-15 17:43:33', '2021-08-15 17:44:06'),
(12627, '2018-03-23', 2292, 1, 0, 0, 0, 0, 420, 283, '2021-08-15 17:43:33', '2021-08-15 17:44:06'),
(12628, '2018-08-03', 1359, 0, 0, 1, 0, 1, 420, 284, '2021-08-15 17:43:33', '2021-08-15 17:44:06'),
(12629, '2018-08-03', 613, 0, 0, 1, 0, 0, 420, 285, '2021-08-15 17:43:33', '2021-08-15 17:44:06'),
(12630, '2018-03-26', 694, 1, 1, 1, 1, 0, 420, 286, '2021-08-15 17:43:33', '2021-08-15 17:44:06'),
(12631, '2018-03-21', 585, 1, 0, 1, 0, 0, 420, 287, '2021-08-15 17:43:33', '2021-08-15 17:44:06'),
(12632, '2018-01-03', 1965, 0, 1, 0, 0, 0, 420, 288, '2021-08-15 17:43:33', '2021-08-15 17:44:06'),
(12633, '2018-10-03', 1414, 0, 0, 0, 0, 0, 420, 289, '2021-08-15 17:43:33', '2021-08-15 17:44:06'),
(12634, '2018-03-16', 1015, 0, 0, 1, 0, 0, 420, 290, '2021-08-15 17:43:33', '2021-08-15 17:44:06'),
(12635, '2018-03-28', 1074, 0, 0, 1, 0, 0, 420, 291, '2021-08-15 17:43:33', '2021-08-15 17:44:06'),
(12636, '2018-03-24', 1583, 1, 1, 0, 0, 1, 420, 292, '2021-08-15 17:43:33', '2021-08-15 17:44:06'),
(12637, '2018-11-03', 873, 0, 0, 0, 0, 0, 420, 293, '2021-08-15 17:43:33', '2021-08-15 17:44:06'),
(12638, '2018-03-03', 1650, 0, 1, 0, 1, 1, 420, 294, '2021-08-15 17:43:33', '2021-08-15 17:44:06'),
(12639, '2018-03-24', 2104, 1, 1, 1, 1, 0, 420, 295, '2021-08-15 17:43:33', '2021-08-15 17:44:06'),
(12640, '2018-03-16', 1328, 0, 0, 1, 1, 1, 420, 296, '2021-08-15 17:43:33', '2021-08-15 17:44:06'),
(12641, '2018-03-20', 2390, 1, 0, 0, 0, 0, 420, 297, '2021-08-15 17:43:33', '2021-08-15 17:44:06'),
(12642, '2018-11-03', 948, 0, 0, 1, 0, 0, 420, 298, '2021-08-15 17:43:33', '2021-08-15 17:44:06'),
(12643, '2018-06-03', 1116, 1, 1, 1, 0, 0, 420, 299, '2021-08-15 17:43:33', '2021-08-15 17:44:06'),
(12644, '2018-02-03', 1101, 1, 0, 0, 1, 1, 420, 300, '2021-08-15 17:43:33', '2021-08-15 17:44:06'),
(12645, '2018-04-24', 1302, 1, 1, 0, 1, 1, 420, 301, '2021-08-15 17:43:33', '2021-08-15 17:44:06'),
(12646, '2018-04-04', 1895, 0, 1, 0, 1, 1, 420, 302, '2021-08-15 17:43:33', '2021-08-15 17:44:06'),
(12647, '2018-04-24', 1601, 0, 1, 0, 0, 0, 420, 303, '2021-08-15 17:43:33', '2021-08-15 17:44:06'),
(12648, '2018-04-24', 1110, 1, 0, 1, 0, 1, 420, 304, '2021-08-15 17:43:33', '2021-08-15 17:44:06'),
(12649, '2018-06-04', 2049, 1, 0, 1, 0, 1, 420, 305, '2021-08-15 17:43:33', '2021-08-15 17:44:06'),
(12650, '2018-04-17', 598, 1, 0, 0, 1, 0, 420, 306, '2021-08-15 17:43:33', '2021-08-15 17:44:06'),
(12651, '2018-04-28', 1023, 0, 1, 0, 0, 1, 420, 307, '2021-08-15 17:43:33', '2021-08-15 17:44:06'),
(12652, '2018-12-04', 1638, 1, 1, 0, 1, 1, 420, 308, '2021-08-15 17:43:33', '2021-08-15 17:44:06'),
(12653, '2018-11-04', 2076, 1, 1, 0, 0, 1, 420, 309, '2021-08-15 17:43:33', '2021-08-15 17:44:06'),
(12654, '2018-04-25', 738, 0, 1, 1, 1, 0, 420, 310, '2021-08-15 17:43:33', '2021-08-15 17:44:06'),
(12655, '2018-04-13', 1869, 0, 0, 1, 0, 0, 420, 311, '2021-08-15 17:43:33', '2021-08-15 17:44:06'),
(12656, '2018-04-22', 2455, 1, 0, 0, 1, 1, 420, 312, '2021-08-15 17:43:33', '2021-08-15 17:44:06'),
(12657, '2018-06-04', 1506, 0, 0, 1, 1, 0, 420, 313, '2021-08-15 17:43:33', '2021-08-15 17:44:06'),
(12658, '2018-04-19', 1615, 1, 0, 0, 1, 0, 420, 314, '2021-08-15 17:43:33', '2021-08-15 17:44:06'),
(12659, '2018-04-23', 2399, 1, 0, 0, 1, 0, 420, 315, '2021-08-15 17:43:33', '2021-08-15 17:44:06'),
(12660, '2018-04-16', 761, 0, 1, 0, 0, 0, 420, 316, '2021-08-15 17:43:33', '2021-08-15 17:44:06'),
(12661, '2018-04-19', 1553, 1, 0, 0, 1, 1, 420, 317, '2021-08-15 17:43:33', '2021-08-15 17:44:06'),
(12662, '2018-04-19', 1873, 0, 1, 1, 0, 0, 420, 318, '2021-08-15 17:43:33', '2021-08-15 17:44:06'),
(12663, '2018-04-24', 2190, 0, 1, 1, 1, 1, 420, 319, '2021-08-15 17:43:33', '2021-08-15 17:44:06'),
(12664, '2018-04-22', 1150, 1, 0, 0, 0, 0, 420, 320, '2021-08-15 17:43:33', '2021-08-15 17:44:06'),
(12665, '2018-06-04', 2495, 1, 1, 1, 1, 1, 420, 321, '2021-08-15 17:43:33', '2021-08-15 17:44:06'),
(12666, '2018-10-04', 1211, 1, 0, 1, 1, 0, 420, 322, '2021-08-15 17:43:33', '2021-08-15 17:44:06'),
(12667, '2018-04-22', 1944, 0, 0, 0, 0, 0, 420, 323, '2021-08-15 17:43:33', '2021-08-15 17:44:06'),
(12668, '2018-06-04', 795, 0, 1, 1, 0, 1, 420, 324, '2021-08-15 17:43:33', '2021-08-15 17:44:06'),
(12669, '2018-04-23', 1726, 0, 1, 1, 1, 1, 420, 325, '2021-08-15 17:43:33', '2021-08-15 17:44:06'),
(12670, '2018-04-26', 1412, 1, 0, 0, 1, 1, 420, 326, '2021-08-15 17:43:33', '2021-08-15 17:44:06'),
(12671, '2018-04-19', 681, 1, 0, 1, 1, 0, 420, 327, '2021-08-15 17:43:33', '2021-08-15 17:44:06'),
(12672, '2018-08-04', 1428, 1, 1, 0, 0, 0, 420, 328, '2021-08-15 17:43:33', '2021-08-15 17:44:06'),
(12673, '2018-08-04', 1891, 1, 0, 0, 1, 1, 420, 329, '2021-08-15 17:43:33', '2021-08-15 17:44:06'),
(12674, '2018-11-04', 621, 1, 1, 0, 0, 1, 420, 330, '2021-08-15 17:43:33', '2021-08-15 17:44:06'),
(12675, '2018-12-04', 1475, 0, 0, 0, 1, 0, 420, 331, '2021-08-15 17:43:33', '2021-08-15 17:44:06'),
(12676, '2018-04-29', 2205, 0, 1, 0, 1, 1, 420, 332, '2021-08-15 17:43:33', '2021-08-15 17:44:06'),
(12677, '2018-04-25', 555, 1, 0, 0, 1, 0, 420, 333, '2021-08-15 17:43:33', '2021-08-15 17:44:06'),
(12678, '2018-04-18', 2437, 0, 1, 0, 1, 1, 420, 334, '2021-08-15 17:43:33', '2021-08-15 17:44:06'),
(12679, '2018-04-26', 1837, 0, 0, 1, 1, 1, 420, 335, '2021-08-15 17:43:33', '2021-08-15 17:44:06'),
(12680, '2018-05-04', 1798, 1, 0, 1, 0, 1, 420, 336, '2021-08-15 17:43:33', '2021-08-15 17:44:06'),
(12681, '2018-04-28', 1759, 0, 0, 0, 1, 0, 420, 337, '2021-08-15 17:43:33', '2021-08-15 17:44:06'),
(12682, '2018-07-04', 2125, 0, 0, 1, 0, 0, 420, 338, '2021-08-15 17:43:33', '2021-08-15 17:44:06'),
(12683, '2018-01-04', 1429, 0, 1, 0, 1, 1, 420, 339, '2021-08-15 17:43:33', '2021-08-15 17:44:06'),
(12684, '2018-04-27', 548, 1, 0, 1, 1, 1, 420, 340, '2021-08-15 17:43:33', '2021-08-15 17:44:06'),
(12685, '2018-07-04', 2081, 1, 1, 1, 0, 0, 420, 341, '2021-08-15 17:43:33', '2021-08-15 17:44:06'),
(12686, '2018-04-17', 940, 1, 0, 0, 0, 1, 420, 342, '2021-08-15 17:43:33', '2021-08-15 17:44:06'),
(12687, '2018-04-20', 1835, 1, 1, 1, 0, 1, 420, 343, '2021-08-15 17:43:33', '2021-08-15 17:44:06'),
(12688, '2018-04-14', 744, 1, 0, 0, 0, 1, 420, 344, '2021-08-15 17:43:33', '2021-08-15 17:44:06'),
(12689, '2018-04-15', 1193, 0, 0, 1, 0, 1, 420, 345, '2021-08-15 17:43:33', '2021-08-15 17:44:06'),
(12690, '2018-05-04', 1328, 0, 0, 0, 0, 1, 420, 346, '2021-08-15 17:43:33', '2021-08-15 17:44:06'),
(12691, '2018-10-04', 1752, 1, 1, 1, 1, 1, 420, 347, '2021-08-15 17:43:33', '2021-08-15 17:44:06'),
(12692, '2018-04-23', 614, 1, 0, 0, 1, 1, 420, 348, '2021-08-15 17:43:33', '2021-08-15 17:44:06'),
(12693, '2018-04-28', 644, 0, 0, 1, 0, 1, 420, 349, '2021-08-15 17:43:33', '2021-08-15 17:44:06'),
(12694, '2018-03-04', 2362, 0, 1, 1, 0, 0, 420, 350, '2021-08-15 17:43:33', '2021-08-15 17:44:06'),
(12695, '2018-04-21', 1450, 1, 0, 0, 0, 0, 420, 351, '2021-08-15 17:43:33', '2021-08-15 17:44:06'),
(12696, '2018-02-04', 2032, 0, 1, 1, 0, 0, 420, 352, '2021-08-15 17:43:33', '2021-08-15 17:44:06'),
(12697, '2018-12-04', 516, 0, 0, 0, 0, 0, 420, 353, '2021-08-15 17:43:33', '2021-08-15 17:44:06'),
(12698, '2018-04-30', 513, 0, 1, 1, 0, 0, 420, 354, '2021-08-15 17:43:33', '2021-08-15 17:44:06'),
(12699, '2018-04-25', 677, 1, 1, 1, 1, 1, 420, 355, '2021-08-15 17:43:33', '2021-08-15 17:44:06'),
(12700, '2018-04-23', 2050, 1, 0, 0, 1, 1, 755, 356, '2021-08-15 17:43:33', '2021-08-15 17:44:06'),
(12701, '2018-10-04', 785, 0, 1, 0, 1, 0, 756, 357, '2021-08-15 17:43:33', '2021-08-15 17:44:06'),
(12702, '2018-12-04', 1770, 1, 1, 0, 0, 1, 757, 358, '2021-08-15 17:43:33', '2021-08-15 17:44:06'),
(12703, '2018-03-04', 2437, 0, 0, 1, 0, 1, 758, 359, '2021-08-15 17:43:33', '2021-08-15 17:44:06'),
(12704, '2018-04-14', 595, 0, 0, 1, 1, 0, 759, 360, '2021-08-15 17:43:33', '2021-08-15 17:44:06'),
(12705, '2018-04-17', 1868, 1, 1, 0, 1, 0, 760, 361, '2021-08-15 17:43:33', '2021-08-15 17:44:06'),
(12706, '2018-01-04', 1300, 0, 1, 0, 0, 1, 761, 362, '2021-08-15 17:43:33', '2021-08-15 17:44:06'),
(12707, '2018-04-26', 1830, 0, 0, 1, 1, 0, 762, 363, '2021-08-15 17:43:33', '2021-08-15 17:44:06'),
(12708, '2018-04-04', 1893, 0, 1, 1, 1, 0, 763, 364, '2021-08-15 17:43:33', '2021-08-15 17:44:06'),
(12709, '2018-04-29', 1256, 0, 1, 1, 0, 0, 764, 365, '2021-08-15 17:43:33', '2021-08-15 17:44:06'),
(12710, '2018-04-29', 839, 1, 0, 0, 1, 0, 765, 366, '2021-08-15 17:43:33', '2021-08-15 17:44:06'),
(12711, '2018-04-16', 1954, 0, 0, 0, 1, 0, 766, 367, '2021-08-15 17:43:33', '2021-08-15 17:44:06'),
(12712, '2018-12-04', 2001, 1, 1, 0, 0, 0, 767, 368, '2021-08-15 17:43:33', '2021-08-15 17:44:06'),
(12713, '2018-04-04', 1375, 1, 1, 1, 1, 1, 768, 369, '2021-08-15 17:43:33', '2021-08-15 17:44:06'),
(12714, '2018-04-25', 1134, 0, 0, 0, 0, 1, 769, 370, '2021-08-15 17:43:33', '2021-08-15 17:44:06'),
(12715, '2018-04-25', 2239, 0, 0, 0, 0, 0, 770, 371, '2021-08-15 17:43:33', '2021-08-15 17:44:06'),
(12716, '2018-04-15', 2445, 1, 0, 0, 1, 0, 771, 372, '2021-08-15 17:43:33', '2021-08-15 17:44:06'),
(12717, '2018-04-13', 1095, 0, 0, 0, 0, 1, 772, 373, '2021-08-15 17:43:33', '2021-08-15 17:44:06'),
(12718, '2018-04-30', 2326, 1, 0, 1, 0, 0, 773, 374, '2021-08-15 17:43:33', '2021-08-15 17:44:06'),
(12719, '2018-06-04', 1169, 0, 0, 0, 1, 0, 774, 375, '2021-08-15 17:43:33', '2021-08-15 17:44:06'),
(12720, '2018-04-22', 1186, 1, 0, 0, 0, 1, 775, 376, '2021-08-15 17:43:33', '2021-08-15 17:44:06'),
(12721, '2018-11-04', 1362, 0, 1, 0, 0, 0, 776, 377, '2021-08-15 17:43:33', '2021-08-15 17:44:06'),
(12722, '2018-04-28', 1091, 0, 1, 0, 1, 0, 777, 378, '2021-08-15 17:43:33', '2021-08-15 17:44:06'),
(12723, '2018-04-17', 1133, 0, 0, 0, 1, 0, 778, 379, '2021-08-15 17:43:33', '2021-08-15 17:44:06'),
(12724, '2018-04-22', 1657, 1, 1, 0, 1, 0, 779, 380, '2021-08-15 17:43:33', '2021-08-15 17:44:06'),
(12725, '2018-04-17', 1265, 0, 0, 0, 0, 0, 780, 381, '2021-08-15 17:43:33', '2021-08-15 17:44:06'),
(12726, '2018-04-14', 2162, 1, 0, 0, 0, 0, 781, 382, '2021-08-15 17:43:33', '2021-08-15 17:44:06'),
(12727, '2018-04-28', 1675, 0, 1, 1, 1, 0, 782, 383, '2021-08-15 17:43:33', '2021-08-15 17:44:06'),
(12728, '2018-08-04', 1066, 1, 1, 1, 0, 1, 783, 384, '2021-08-15 17:43:33', '2021-08-15 17:44:06'),
(12729, '2018-06-04', 1008, 1, 0, 0, 1, 1, 784, 385, '2021-08-15 17:43:33', '2021-08-15 17:44:06'),
(12730, '2018-04-14', 508, 0, 0, 1, 1, 0, 785, 386, '2021-08-15 17:43:33', '2021-08-15 17:44:06'),
(12731, '2018-04-25', 708, 1, 0, 0, 1, 0, 786, 387, '2021-08-15 17:43:33', '2021-08-15 17:44:06'),
(12732, '2018-10-04', 2129, 1, 1, 1, 1, 1, 787, 388, '2021-08-15 17:43:33', '2021-08-15 17:44:06'),
(12733, '2018-12-04', 1633, 0, 1, 0, 1, 1, 788, 389, '2021-08-15 17:43:33', '2021-08-15 17:44:06'),
(12734, '2018-07-04', 954, 1, 1, 1, 0, 0, 789, 390, '2021-08-15 17:43:33', '2021-08-15 17:44:06'),
(12735, '2018-06-04', 1413, 1, 1, 1, 1, 0, 790, 391, '2021-08-15 17:43:33', '2021-08-15 17:44:06'),
(12736, '2018-04-18', 1674, 0, 0, 1, 0, 1, 791, 392, '2021-08-15 17:43:33', '2021-08-15 17:44:06'),
(12737, '2018-03-04', 2246, 1, 1, 0, 0, 1, 792, 393, '2021-08-15 17:43:33', '2021-08-15 17:44:06'),
(12738, '2018-04-23', 1700, 0, 1, 0, 1, 1, 793, 394, '2021-08-15 17:43:33', '2021-08-15 17:44:06'),
(12739, '2018-07-04', 782, 1, 1, 1, 1, 1, 794, 395, '2021-08-15 17:43:33', '2021-08-15 17:44:06'),
(12740, '2018-05-04', 2069, 0, 0, 1, 0, 1, 795, 396, '2021-08-15 17:43:33', '2021-08-15 17:44:06'),
(12741, '2018-02-04', 1932, 1, 1, 1, 0, 0, 796, 397, '2021-08-15 17:43:33', '2021-08-15 17:44:06'),
(12742, '2018-04-23', 1389, 1, 1, 0, 1, 0, 797, 398, '2021-08-15 17:43:33', '2021-08-15 17:44:06'),
(12743, '2018-05-04', 1378, 0, 0, 0, 1, 1, 798, 399, '2021-08-15 17:43:33', '2021-08-15 17:44:06'),
(12744, '2018-04-24', 1142, 1, 1, 1, 0, 0, 799, 400, '2021-08-15 17:43:33', '2021-08-15 17:44:06'),
(12745, '2018-11-04', 1305, 1, 1, 0, 1, 0, 800, 401, '2021-08-15 17:43:33', '2021-08-15 17:44:06'),
(12746, '2018-04-27', 790, 1, 0, 1, 1, 1, 801, 402, '2021-08-15 17:43:33', '2021-08-15 17:44:06'),
(12747, '2018-04-30', 811, 0, 1, 1, 0, 0, 802, 403, '2021-08-15 17:43:33', '2021-08-15 17:44:06'),
(12748, '2018-04-26', 1860, 0, 1, 0, 1, 1, 803, 404, '2021-08-15 17:43:33', '2021-08-15 17:44:06'),
(12749, '2018-06-04', 1858, 0, 1, 0, 0, 0, 804, 405, '2021-08-15 17:43:33', '2021-08-15 17:44:06'),
(12750, '2018-04-16', 1981, 1, 0, 1, 1, 1, 805, 406, '2021-08-15 17:43:33', '2021-08-15 17:44:06'),
(12751, '2018-11-04', 1654, 0, 1, 0, 0, 0, 806, 407, '2021-08-15 17:43:33', '2021-08-15 17:44:06'),
(12752, '2018-04-19', 2449, 0, 1, 1, 0, 1, 807, 408, '2021-08-15 17:43:33', '2021-08-15 17:44:06'),
(12753, '2018-04-13', 2087, 1, 1, 0, 0, 0, 808, 409, '2021-08-15 17:43:33', '2021-08-15 17:44:06'),
(12754, '2018-04-29', 1815, 0, 1, 0, 1, 1, 809, 410, '2021-08-15 17:43:33', '2021-08-15 17:44:06'),
(12755, '2018-04-26', 781, 1, 1, 1, 1, 1, 810, 411, '2021-08-15 17:43:33', '2021-08-15 17:44:06'),
(12756, '2018-05-04', 2428, 1, 0, 0, 0, 0, 811, 412, '2021-08-15 17:43:33', '2021-08-15 17:44:06'),
(12757, '2018-04-27', 587, 0, 1, 1, 1, 0, 812, 413, '2021-08-15 17:43:33', '2021-08-15 17:44:06'),
(12758, '2018-02-04', 1897, 1, 0, 1, 1, 0, 813, 414, '2021-08-15 17:43:33', '2021-08-15 17:44:06'),
(12759, '2018-04-29', 517, 0, 1, 0, 1, 1, 814, 415, '2021-08-15 17:43:33', '2021-08-15 17:44:06'),
(12760, '2018-02-04', 1705, 0, 1, 1, 1, 0, 815, 416, '2021-08-15 17:43:33', '2021-08-15 17:44:06'),
(12761, '2018-07-04', 912, 1, 0, 1, 1, 0, 816, 417, '2021-08-15 17:43:33', '2021-08-15 17:44:06'),
(12762, '2018-02-04', 2204, 1, 1, 1, 0, 0, 817, 418, '2021-08-15 17:43:33', '2021-08-15 17:44:06'),
(12763, '2018-02-04', 2207, 0, 1, 1, 0, 0, 818, 419, '2021-08-15 17:43:33', '2021-08-15 17:44:06'),
(12764, '2018-04-23', 1943, 0, 0, 1, 1, 0, 819, 420, '2021-08-15 17:43:33', '2021-08-15 17:44:06'),
(12765, '2018-04-29', 1625, 0, 1, 1, 1, 0, 820, 421, '2021-08-15 17:43:33', '2021-08-15 17:44:06'),
(12766, '2018-04-30', 762, 1, 0, 1, 1, 0, 821, 422, '2021-08-15 17:43:33', '2021-08-15 17:44:06'),
(12767, '2018-04-13', 1595, 0, 0, 0, 1, 0, 822, 423, '2021-08-15 17:43:33', '2021-08-15 17:44:06'),
(12768, '2018-04-27', 625, 0, 0, 0, 0, 0, 823, 424, '2021-08-15 17:43:33', '2021-08-15 17:44:06'),
(12769, '2018-09-04', 1484, 0, 0, 0, 0, 0, 824, 425, '2021-08-15 17:43:33', '2021-08-15 17:44:06'),
(12770, '2018-04-30', 1604, 1, 1, 1, 0, 1, 825, 426, '2021-08-15 17:43:33', '2021-08-15 17:44:06'),
(12771, '2018-08-04', 1046, 0, 0, 1, 1, 1, 826, 427, '2021-08-15 17:43:33', '2021-08-15 17:44:06'),
(12772, '2018-06-04', 694, 0, 0, 1, 0, 1, 827, 428, '2021-08-15 17:43:33', '2021-08-15 17:44:06'),
(12773, '2018-04-17', 1248, 1, 1, 1, 0, 1, 828, 429, '2021-08-15 17:43:33', '2021-08-15 17:44:06'),
(12774, '2018-02-04', 2111, 1, 0, 1, 0, 1, 829, 430, '2021-08-15 17:43:33', '2021-08-15 17:44:06'),
(12775, '2018-04-04', 1648, 0, 1, 1, 1, 1, 830, 431, '2021-08-15 17:43:33', '2021-08-15 17:44:06'),
(12776, '2018-04-21', 630, 0, 0, 0, 0, 0, 831, 432, '2021-08-15 17:43:33', '2021-08-15 17:44:06'),
(12777, '2018-04-19', 1829, 0, 0, 0, 0, 0, 832, 433, '2021-08-15 17:43:33', '2021-08-15 17:44:06'),
(12778, '2018-04-21', 2113, 0, 0, 0, 0, 0, 833, 434, '2021-08-15 17:43:33', '2021-08-15 17:44:06'),
(12779, '2018-04-18', 734, 1, 1, 0, 1, 0, 834, 435, '2021-08-15 17:43:33', '2021-08-15 17:44:06'),
(12780, '2018-08-04', 2177, 1, 0, 1, 0, 1, 835, 436, '2021-08-15 17:43:33', '2021-08-15 17:44:06'),
(12781, '2018-07-04', 1923, 0, 0, 1, 0, 1, 836, 437, '2021-08-15 17:43:33', '2021-08-15 17:44:06'),
(12782, '2018-04-18', 1340, 0, 1, 0, 0, 1, 837, 438, '2021-08-15 17:43:33', '2021-08-15 17:44:06'),
(12783, '2018-04-15', 1282, 1, 0, 0, 1, 0, 838, 439, '2021-08-15 17:43:33', '2021-08-15 17:44:06'),
(12784, '2018-05-04', 2479, 1, 1, 0, 1, 1, 839, 440, '2021-08-15 17:43:33', '2021-08-15 17:44:06'),
(12785, '2018-11-04', 1206, 0, 1, 1, 1, 0, 840, 441, '2021-08-15 17:43:33', '2021-08-15 17:44:06'),
(12786, '2018-04-23', 1116, 1, 0, 0, 0, 1, 840, 442, '2021-08-15 17:43:33', '2021-08-15 17:44:06'),
(12787, '2018-04-24', 1845, 0, 1, 0, 1, 0, 840, 443, '2021-08-15 17:43:33', '2021-08-15 17:44:06'),
(12788, '2018-04-16', 600, 0, 1, 0, 0, 1, 840, 444, '2021-08-15 17:43:33', '2021-08-15 17:44:06'),
(12789, '2018-01-04', 812, 1, 1, 1, 0, 0, 840, 445, '2021-08-15 17:43:33', '2021-08-15 17:44:06'),
(12790, '2018-04-26', 2278, 1, 1, 0, 1, 0, 840, 446, '2021-08-15 17:43:33', '2021-08-15 17:44:06'),
(12791, '2018-05-04', 1488, 1, 0, 1, 0, 0, 840, 447, '2021-08-15 17:43:33', '2021-08-15 17:44:06'),
(12792, '2018-04-28', 1445, 0, 1, 0, 0, 1, 840, 448, '2021-08-15 17:43:33', '2021-08-15 17:44:06'),
(12793, '2018-04-15', 1677, 1, 0, 0, 0, 0, 840, 449, '2021-08-15 17:43:33', '2021-08-15 17:44:06'),
(12794, '2018-07-04', 2143, 0, 0, 0, 0, 1, 840, 450, '2021-08-15 17:43:33', '2021-08-15 17:44:06'),
(12795, '2018-09-04', 1124, 0, 1, 1, 1, 0, 840, 451, '2021-08-15 17:43:33', '2021-08-15 17:44:06'),
(12796, '2018-04-29', 2076, 1, 0, 0, 0, 1, 840, 452, '2021-08-15 17:43:33', '2021-08-15 17:44:06'),
(12797, '2018-04-20', 614, 0, 0, 0, 0, 1, 840, 453, '2021-08-15 17:43:33', '2021-08-15 17:44:06'),
(12798, '2018-04-22', 854, 1, 0, 1, 0, 1, 840, 454, '2021-08-15 17:43:33', '2021-08-15 17:44:06'),
(12799, '2018-04-22', 861, 1, 0, 0, 0, 0, 840, 455, '2021-08-15 17:43:33', '2021-08-15 17:44:06'),
(12800, '2018-04-17', 2323, 1, 0, 0, 1, 0, 840, 456, '2021-08-15 17:43:33', '2021-08-15 17:44:06'),
(12801, '2018-04-29', 508, 0, 0, 0, 1, 1, 840, 457, '2021-08-15 17:43:33', '2021-08-15 17:44:06'),
(12802, '2018-12-04', 1484, 1, 0, 1, 1, 0, 840, 458, '2021-08-15 17:43:33', '2021-08-15 17:44:06'),
(12803, '2018-04-21', 1273, 0, 1, 1, 0, 0, 840, 459, '2021-08-15 17:43:33', '2021-08-15 17:44:06'),
(12804, '2018-04-15', 796, 0, 1, 0, 1, 0, 840, 460, '2021-08-15 17:43:33', '2021-08-15 17:44:06'),
(12805, '2018-04-26', 681, 0, 1, 1, 1, 0, 840, 461, '2021-08-15 17:43:33', '2021-08-15 17:44:06'),
(12806, '2018-03-04', 1639, 1, 1, 1, 1, 1, 840, 462, '2021-08-15 17:43:33', '2021-08-15 17:44:06'),
(12807, '2018-04-15', 791, 0, 0, 1, 1, 1, 840, 463, '2021-08-15 17:43:33', '2021-08-15 17:44:06'),
(12808, '2018-06-04', 845, 1, 1, 1, 0, 1, 840, 464, '2021-08-15 17:43:33', '2021-08-15 17:44:06'),
(12809, '2018-08-04', 920, 0, 1, 0, 1, 0, 840, 465, '2021-08-15 17:43:33', '2021-08-15 17:44:06'),
(12810, '2018-04-25', 2123, 0, 0, 0, 1, 1, 840, 466, '2021-08-15 17:43:33', '2021-08-15 17:44:06'),
(12811, '2018-07-04', 1973, 1, 0, 0, 0, 0, 840, 467, '2021-08-15 17:43:33', '2021-08-15 17:44:06'),
(12812, '2018-04-16', 2234, 0, 0, 1, 1, 1, 840, 468, '2021-08-15 17:43:33', '2021-08-15 17:44:06'),
(12813, '2018-04-14', 1988, 0, 0, 0, 0, 0, 840, 469, '2021-08-15 17:43:33', '2021-08-15 17:44:06'),
(12814, '2018-04-16', 2366, 1, 1, 0, 0, 0, 840, 470, '2021-08-15 17:43:33', '2021-08-15 17:44:06'),
(12815, '2018-04-15', 1773, 1, 0, 1, 0, 0, 840, 471, '2021-08-15 17:43:33', '2021-08-15 17:44:06'),
(12816, '2018-09-04', 1017, 1, 0, 1, 0, 0, 840, 472, '2021-08-15 17:43:33', '2021-08-15 17:44:06'),
(12817, '2018-08-04', 1008, 1, 1, 1, 0, 1, 840, 473, '2021-08-15 17:43:33', '2021-08-15 17:44:06'),
(12818, '2018-04-21', 1088, 1, 0, 0, 1, 1, 840, 474, '2021-08-15 17:43:33', '2021-08-15 17:44:06'),
(12819, '2018-08-04', 923, 1, 0, 1, 0, 1, 840, 475, '2021-08-15 17:43:33', '2021-08-15 17:44:06'),
(12820, '2018-05-04', 813, 1, 0, 1, 0, 1, 840, 476, '2021-08-15 17:43:33', '2021-08-15 17:44:06'),
(12821, '2018-04-18', 1982, 1, 1, 1, 1, 1, 840, 477, '2021-08-15 17:43:33', '2021-08-15 17:44:06'),
(12822, '2018-04-20', 549, 1, 1, 0, 1, 1, 840, 478, '2021-08-15 17:43:33', '2021-08-15 17:44:06'),
(12823, '2018-04-22', 1389, 0, 0, 1, 0, 1, 840, 479, '2021-08-15 17:43:33', '2021-08-15 17:44:06'),
(12824, '2018-04-19', 2268, 0, 0, 0, 1, 1, 840, 480, '2021-08-15 17:43:33', '2021-08-15 17:44:06'),
(12825, '2018-04-21', 770, 1, 1, 0, 0, 1, 840, 481, '2021-08-15 17:43:33', '2021-08-15 17:44:06'),
(12826, '2018-04-26', 887, 1, 0, 1, 1, 0, 840, 482, '2021-08-15 17:43:33', '2021-08-15 17:44:06'),
(12827, '2018-04-17', 1758, 1, 0, 1, 1, 0, 840, 483, '2021-08-15 17:43:33', '2021-08-15 17:44:06'),
(12828, '2018-12-04', 1018, 1, 0, 1, 0, 1, 840, 484, '2021-08-15 17:43:33', '2021-08-15 17:44:06'),
(12829, '2018-09-04', 2162, 1, 1, 0, 1, 0, 840, 485, '2021-08-15 17:43:33', '2021-08-15 17:44:06'),
(12830, '2018-04-21', 860, 0, 1, 1, 1, 1, 840, 486, '2021-08-15 17:43:33', '2021-08-15 17:44:06'),
(12831, '2018-04-24', 1319, 0, 1, 1, 0, 0, 840, 487, '2021-08-15 17:43:33', '2021-08-15 17:44:06'),
(12832, '2018-08-04', 1918, 1, 1, 1, 1, 0, 840, 488, '2021-08-15 17:43:33', '2021-08-15 17:44:06'),
(12833, '2018-04-04', 732, 0, 1, 1, 1, 0, 840, 489, '2021-08-15 17:43:33', '2021-08-15 17:44:06'),
(12834, '2018-01-04', 1019, 1, 1, 0, 1, 0, 840, 490, '2021-08-15 17:43:33', '2021-08-15 17:44:06'),
(12835, '2018-04-26', 2415, 0, 1, 1, 0, 0, 840, 491, '2021-08-15 17:43:33', '2021-08-15 17:44:06'),
(12836, '2018-04-18', 1538, 1, 0, 1, 1, 0, 840, 492, '2021-08-15 17:43:33', '2021-08-15 17:44:06'),
(12837, '2018-04-20', 2279, 1, 0, 1, 1, 0, 840, 493, '2021-08-15 17:43:33', '2021-08-15 17:44:06'),
(12838, '2018-04-26', 2218, 0, 0, 0, 0, 0, 840, 494, '2021-08-15 17:43:33', '2021-08-15 17:44:06'),
(12839, '2018-04-20', 1653, 1, 0, 1, 0, 0, 840, 495, '2021-08-15 17:43:33', '2021-08-15 17:44:06'),
(12840, '2018-09-04', 2436, 1, 1, 1, 0, 1, 840, 496, '2021-08-15 17:43:33', '2021-08-15 17:44:06'),
(12841, '2018-04-19', 1673, 0, 0, 0, 1, 0, 840, 497, '2021-08-15 17:43:33', '2021-08-15 17:44:06'),
(12842, '2018-03-04', 2332, 0, 0, 0, 1, 1, 840, 498, '2021-08-15 17:43:33', '2021-08-15 17:44:06'),
(12843, '2018-04-19', 959, 0, 0, 1, 0, 1, 840, 499, '2021-08-15 17:43:33', '2021-08-15 17:44:06'),
(12844, '2018-04-27', 837, 1, 0, 0, 1, 1, 840, 500, '2021-08-15 17:43:33', '2021-08-15 17:44:06');

INSERT INTO `policies` (`id`, `date_of_purchase`, `premium`, `bodily_injury_liability`, `personal_injury_protection`, `property_damage_liability`, `collision`, `comprehensive`, `customer_id`, `vehicle_id`, `createdAt`, `updatedAt`) VALUES
(12845, '2018-02-05', 2434, 0, 0, 1, 1, 0, 840, 501, '2021-08-15 17:43:33', '2021-08-15 17:44:06'),
(12846, '2018-08-05', 1778, 1, 1, 0, 1, 1, 840, 502, '2021-08-15 17:43:33', '2021-08-15 17:44:06'),
(12847, '2018-05-27', 2417, 0, 0, 1, 1, 1, 840, 503, '2021-08-15 17:43:33', '2021-08-15 17:44:06'),
(12848, '2018-07-05', 1775, 1, 1, 0, 0, 0, 840, 504, '2021-08-15 17:43:33', '2021-08-15 17:44:06'),
(12849, '2018-05-27', 1210, 0, 1, 0, 1, 0, 840, 505, '2021-08-15 17:43:33', '2021-08-15 17:44:06'),
(12850, '2018-05-27', 568, 0, 1, 1, 1, 1, 840, 506, '2021-08-15 17:43:33', '2021-08-15 17:44:06'),
(12851, '2018-05-22', 724, 1, 0, 1, 1, 0, 840, 507, '2021-08-15 17:43:33', '2021-08-15 17:44:06'),
(12852, '2018-02-05', 1760, 1, 1, 1, 1, 1, 840, 508, '2021-08-15 17:43:33', '2021-08-15 17:44:06'),
(12853, '2018-05-13', 1345, 1, 1, 1, 1, 0, 840, 509, '2021-08-15 17:43:33', '2021-08-15 17:44:06'),
(12854, '2018-05-05', 2094, 1, 1, 0, 0, 0, 840, 510, '2021-08-15 17:43:33', '2021-08-15 17:44:06'),
(12855, '2018-05-25', 2241, 1, 1, 1, 0, 0, 840, 511, '2021-08-15 17:43:33', '2021-08-15 17:44:06'),
(12856, '2018-03-05', 1488, 1, 1, 0, 1, 1, 840, 512, '2021-08-15 17:43:33', '2021-08-15 17:44:06'),
(12857, '2018-05-28', 1028, 1, 1, 1, 1, 1, 840, 513, '2021-08-15 17:43:33', '2021-08-15 17:44:06'),
(12858, '2018-09-05', 1252, 0, 0, 1, 1, 0, 840, 514, '2021-08-15 17:43:33', '2021-08-15 17:44:06'),
(12859, '2018-10-05', 2445, 0, 0, 1, 0, 0, 840, 515, '2021-08-15 17:43:33', '2021-08-15 17:44:06'),
(12860, '2018-11-05', 1525, 1, 0, 1, 1, 0, 840, 516, '2021-08-15 17:43:33', '2021-08-15 17:44:06'),
(12861, '2018-10-05', 1157, 1, 0, 0, 1, 0, 840, 517, '2021-08-15 17:43:33', '2021-08-15 17:44:06'),
(12862, '2018-05-22', 902, 1, 0, 0, 1, 0, 840, 518, '2021-08-15 17:43:33', '2021-08-15 17:44:06'),
(12863, '2018-01-05', 2082, 0, 0, 0, 1, 0, 840, 519, '2021-08-15 17:43:33', '2021-08-15 17:44:06'),
(12864, '2018-05-22', 1723, 1, 1, 0, 1, 1, 840, 520, '2021-08-15 17:43:33', '2021-08-15 17:44:06'),
(12865, '2018-06-05', 1532, 0, 0, 1, 1, 1, 840, 521, '2021-08-15 17:43:33', '2021-08-15 17:44:06'),
(12866, '2018-05-14', 972, 0, 0, 1, 0, 0, 840, 522, '2021-08-15 17:43:33', '2021-08-15 17:44:06'),
(12867, '2018-05-05', 1089, 0, 1, 0, 1, 1, 840, 523, '2021-08-15 17:43:33', '2021-08-15 17:44:06'),
(12868, '2018-11-05', 2400, 1, 1, 1, 1, 1, 840, 524, '2021-08-15 17:43:33', '2021-08-15 17:44:06'),
(12869, '2018-05-22', 1667, 1, 1, 1, 1, 0, 840, 525, '2021-08-15 17:43:33', '2021-08-15 17:44:06'),
(12870, '2018-05-30', 908, 1, 1, 0, 1, 1, 840, 526, '2021-08-15 17:43:33', '2021-08-15 17:44:06'),
(12871, '2018-10-05', 1719, 1, 0, 1, 0, 1, 840, 527, '2021-08-15 17:43:33', '2021-08-15 17:44:06'),
(12872, '2018-05-24', 1148, 0, 1, 1, 0, 0, 840, 528, '2021-08-15 17:43:33', '2021-08-15 17:44:06'),
(12873, '2018-05-15', 1412, 0, 1, 0, 0, 1, 840, 529, '2021-08-15 17:43:33', '2021-08-15 17:44:06'),
(12874, '2018-06-05', 1291, 1, 0, 0, 1, 0, 840, 530, '2021-08-15 17:43:33', '2021-08-15 17:44:06'),
(12875, '2018-06-05', 1211, 1, 0, 1, 1, 1, 840, 531, '2021-08-15 17:43:33', '2021-08-15 17:44:06'),
(12876, '2018-07-05', 995, 1, 0, 1, 1, 0, 840, 532, '2021-08-15 17:43:33', '2021-08-15 17:44:06'),
(12877, '2018-05-30', 724, 1, 1, 1, 1, 0, 840, 533, '2021-08-15 17:43:33', '2021-08-15 17:44:06'),
(12878, '2018-02-05', 1177, 1, 0, 0, 1, 1, 840, 534, '2021-08-15 17:43:33', '2021-08-15 17:44:06'),
(12879, '2018-12-05', 2403, 0, 0, 0, 1, 0, 840, 535, '2021-08-15 17:43:33', '2021-08-15 17:44:06'),
(12880, '2018-09-05', 1134, 0, 1, 0, 0, 0, 840, 536, '2021-08-15 17:43:33', '2021-08-15 17:44:06'),
(12881, '2018-05-13', 2419, 1, 1, 1, 1, 0, 840, 537, '2021-08-15 17:43:33', '2021-08-15 17:44:06'),
(12882, '2018-05-20', 1049, 0, 1, 1, 1, 1, 840, 538, '2021-08-15 17:43:33', '2021-08-15 17:44:06'),
(12883, '2018-06-05', 1123, 0, 1, 0, 0, 0, 840, 539, '2021-08-15 17:43:33', '2021-08-15 17:44:06'),
(12884, '2018-02-05', 1571, 1, 0, 1, 0, 1, 840, 540, '2021-08-15 17:43:33', '2021-08-15 17:44:06'),
(12885, '2018-05-17', 1540, 1, 0, 1, 0, 1, 840, 541, '2021-08-15 17:43:33', '2021-08-15 17:44:06'),
(12886, '2018-05-15', 2154, 1, 1, 0, 1, 1, 840, 542, '2021-08-15 17:43:33', '2021-08-15 17:44:06'),
(12887, '2018-12-05', 1188, 1, 1, 1, 0, 1, 840, 543, '2021-08-15 17:43:33', '2021-08-15 17:44:06'),
(12888, '2018-07-05', 2465, 1, 1, 1, 0, 0, 840, 544, '2021-08-15 17:43:33', '2021-08-15 17:44:06'),
(12889, '2018-08-05', 1972, 0, 0, 0, 0, 1, 840, 545, '2021-08-15 17:43:33', '2021-08-15 17:44:06'),
(12890, '2018-05-21', 947, 0, 1, 1, 0, 0, 840, 546, '2021-08-15 17:43:33', '2021-08-15 17:44:06'),
(12891, '2018-05-14', 2032, 0, 1, 0, 1, 1, 840, 547, '2021-08-15 17:43:33', '2021-08-15 17:44:06'),
(12892, '2018-12-05', 1409, 0, 1, 1, 0, 1, 840, 548, '2021-08-15 17:43:33', '2021-08-15 17:44:06'),
(12893, '2018-02-05', 1353, 0, 1, 0, 1, 1, 840, 549, '2021-08-15 17:43:33', '2021-08-15 17:44:06'),
(12894, '2018-11-05', 2449, 1, 1, 0, 1, 0, 840, 550, '2021-08-15 17:43:33', '2021-08-15 17:44:06'),
(12895, '2018-05-30', 1602, 1, 0, 1, 0, 1, 840, 551, '2021-08-15 17:43:33', '2021-08-15 17:44:06'),
(12896, '2018-05-19', 1400, 0, 0, 1, 0, 1, 840, 552, '2021-08-15 17:43:33', '2021-08-15 17:44:06'),
(12897, '2018-05-29', 915, 0, 0, 1, 1, 1, 840, 553, '2021-08-15 17:43:33', '2021-08-15 17:44:06'),
(12898, '2018-02-05', 601, 0, 0, 1, 1, 1, 840, 554, '2021-08-15 17:43:33', '2021-08-15 17:44:06'),
(12899, '2018-09-05', 1898, 1, 0, 0, 0, 0, 840, 555, '2021-08-15 17:43:33', '2021-08-15 17:44:06'),
(12900, '2018-05-14', 1852, 1, 1, 0, 1, 1, 840, 556, '2021-08-15 17:43:33', '2021-08-15 17:44:06'),
(12901, '2018-05-16', 686, 1, 0, 0, 1, 1, 840, 557, '2021-08-15 17:43:33', '2021-08-15 17:44:06'),
(12902, '2018-05-29', 1914, 0, 1, 1, 0, 1, 840, 558, '2021-08-15 17:43:33', '2021-08-15 17:44:06'),
(12903, '2018-06-05', 689, 0, 1, 1, 0, 1, 840, 559, '2021-08-15 17:43:33', '2021-08-15 17:44:06'),
(12904, '2018-05-14', 776, 1, 1, 0, 1, 0, 840, 560, '2021-08-15 17:43:33', '2021-08-15 17:44:06'),
(12905, '2018-05-15', 1399, 0, 0, 1, 0, 1, 840, 561, '2021-08-15 17:43:33', '2021-08-15 17:44:06'),
(12906, '2018-07-05', 2344, 0, 0, 1, 0, 1, 840, 562, '2021-08-15 17:43:33', '2021-08-15 17:44:06'),
(12907, '2018-05-24', 1010, 1, 1, 1, 1, 1, 840, 563, '2021-08-15 17:43:33', '2021-08-15 17:44:06'),
(12908, '2018-05-27', 1988, 0, 1, 0, 1, 1, 840, 564, '2021-08-15 17:43:33', '2021-08-15 17:44:06'),
(12909, '2018-05-05', 634, 0, 1, 1, 0, 0, 840, 565, '2021-08-15 17:43:33', '2021-08-15 17:44:06'),
(12910, '2018-12-05', 2100, 0, 0, 1, 1, 0, 840, 566, '2021-08-15 17:43:33', '2021-08-15 17:44:06'),
(12911, '2018-05-15', 635, 1, 1, 0, 0, 1, 840, 567, '2021-08-15 17:43:33', '2021-08-15 17:44:06'),
(12912, '2018-11-05', 1829, 1, 1, 1, 1, 0, 840, 568, '2021-08-15 17:43:33', '2021-08-15 17:44:06'),
(12913, '2018-05-17', 582, 1, 0, 0, 1, 1, 840, 569, '2021-08-15 17:43:33', '2021-08-15 17:44:06'),
(12914, '2018-05-30', 1884, 1, 0, 0, 0, 0, 840, 570, '2021-08-15 17:43:33', '2021-08-15 17:44:06'),
(12915, '2018-05-26', 2203, 0, 1, 1, 0, 0, 840, 571, '2021-08-15 17:43:33', '2021-08-15 17:44:06'),
(12916, '2018-05-19', 946, 1, 0, 0, 1, 0, 840, 572, '2021-08-15 17:43:33', '2021-08-15 17:44:06'),
(12917, '2018-02-05', 716, 0, 1, 1, 1, 1, 840, 573, '2021-08-15 17:43:33', '2021-08-15 17:44:06'),
(12918, '2018-05-13', 1625, 0, 1, 0, 1, 1, 840, 574, '2021-08-15 17:43:33', '2021-08-15 17:44:06'),
(12919, '2018-11-05', 837, 0, 0, 0, 1, 0, 840, 575, '2021-08-15 17:43:33', '2021-08-15 17:44:06'),
(12920, '2018-05-19', 2469, 1, 1, 1, 0, 1, 840, 576, '2021-08-15 17:43:33', '2021-08-15 17:44:06'),
(12921, '2018-05-17', 1162, 0, 0, 1, 0, 1, 840, 577, '2021-08-15 17:43:33', '2021-08-15 17:44:06'),
(12922, '2018-05-16', 1565, 0, 0, 1, 1, 0, 840, 578, '2021-08-15 17:43:33', '2021-08-15 17:44:06'),
(12923, '2018-05-18', 2313, 1, 0, 0, 1, 0, 840, 579, '2021-08-15 17:43:33', '2021-08-15 17:44:06'),
(12924, '2018-12-05', 741, 1, 0, 0, 1, 1, 840, 580, '2021-08-15 17:43:33', '2021-08-15 17:44:06'),
(12925, '2018-07-05', 1845, 1, 0, 1, 0, 0, 840, 581, '2021-08-15 17:43:33', '2021-08-15 17:44:06'),
(12926, '2018-05-21', 1325, 0, 1, 1, 0, 1, 840, 582, '2021-08-15 17:43:33', '2021-08-15 17:44:06'),
(12927, '2018-05-21', 1570, 1, 1, 1, 0, 1, 840, 583, '2021-08-15 17:43:33', '2021-08-15 17:44:06'),
(12928, '2018-05-17', 2209, 0, 0, 1, 1, 1, 840, 584, '2021-08-15 17:43:33', '2021-08-15 17:44:06'),
(12929, '2018-05-24', 538, 0, 1, 0, 1, 0, 840, 585, '2021-08-15 17:43:33', '2021-08-15 17:44:06'),
(12930, '2018-05-21', 1895, 1, 1, 1, 1, 1, 840, 586, '2021-08-15 17:43:33', '2021-08-15 17:44:06'),
(12931, '2018-05-30', 2182, 0, 1, 0, 1, 1, 840, 587, '2021-08-15 17:43:33', '2021-08-15 17:44:06'),
(12932, '2018-05-23', 1483, 1, 1, 0, 0, 1, 840, 588, '2021-08-15 17:43:33', '2021-08-15 17:44:06'),
(12933, '2018-05-05', 1241, 1, 0, 1, 1, 0, 840, 589, '2021-08-15 17:43:33', '2021-08-15 17:44:06'),
(12934, '2018-05-25', 1256, 0, 0, 1, 0, 0, 840, 590, '2021-08-15 17:43:33', '2021-08-15 17:44:06'),
(12935, '2018-05-17', 2340, 0, 0, 0, 1, 0, 840, 591, '2021-08-15 17:43:33', '2021-08-15 17:44:06'),
(12936, '2018-05-23', 2365, 0, 1, 1, 0, 0, 840, 592, '2021-08-15 17:43:33', '2021-08-15 17:44:06'),
(12937, '2018-05-26', 651, 1, 1, 0, 0, 0, 840, 593, '2021-08-15 17:43:33', '2021-08-15 17:44:06'),
(12938, '2018-05-30', 2141, 0, 1, 0, 0, 1, 840, 594, '2021-08-15 17:43:33', '2021-08-15 17:44:06'),
(12939, '2018-05-25', 1358, 0, 1, 1, 1, 1, 840, 595, '2021-08-15 17:43:33', '2021-08-15 17:44:06'),
(12940, '2018-05-16', 2094, 1, 0, 0, 0, 0, 995, 596, '2021-08-15 17:43:33', '2021-08-15 17:44:06'),
(12941, '2018-05-18', 1962, 0, 1, 1, 1, 0, 996, 597, '2021-08-15 17:43:33', '2021-08-15 17:44:06'),
(12942, '2018-05-30', 2055, 1, 0, 1, 0, 0, 997, 598, '2021-08-15 17:43:33', '2021-08-15 17:44:06'),
(12943, '2018-05-22', 1542, 1, 0, 1, 1, 1, 998, 599, '2021-08-15 17:43:33', '2021-08-15 17:44:06'),
(12944, '2018-05-19', 1339, 0, 1, 1, 1, 0, 999, 600, '2021-08-15 17:43:33', '2021-08-15 17:44:06'),
(12945, '2018-06-21', 2284, 1, 0, 1, 0, 1, 1000, 601, '2021-08-15 17:43:33', '2021-08-15 17:44:06'),
(12946, '2018-06-29', 1340, 1, 1, 1, 1, 1, 1001, 602, '2021-08-15 17:43:33', '2021-08-15 17:44:06'),
(12947, '2018-12-06', 2041, 0, 0, 0, 0, 1, 1002, 603, '2021-08-15 17:43:33', '2021-08-15 17:44:06'),
(12948, '2018-09-06', 861, 1, 0, 0, 1, 0, 1003, 604, '2021-08-15 17:43:33', '2021-08-15 17:44:06'),
(12949, '2018-06-22', 1047, 1, 1, 0, 0, 0, 1004, 605, '2021-08-15 17:43:33', '2021-08-15 17:44:06'),
(12950, '2018-06-14', 2001, 1, 0, 0, 0, 0, 1005, 606, '2021-08-15 17:43:33', '2021-08-15 17:44:06'),
(12951, '2018-06-26', 1327, 0, 0, 0, 0, 1, 1006, 607, '2021-08-15 17:43:33', '2021-08-15 17:44:06'),
(12952, '2018-06-21', 2367, 0, 0, 1, 0, 1, 1007, 608, '2021-08-15 17:43:33', '2021-08-15 17:44:06'),
(12953, '2018-06-27', 1829, 1, 0, 0, 1, 0, 1008, 609, '2021-08-15 17:43:33', '2021-08-15 17:44:06'),
(12954, '2018-09-06', 1744, 0, 0, 1, 1, 1, 1009, 610, '2021-08-15 17:43:33', '2021-08-15 17:44:06'),
(12955, '2018-06-06', 878, 0, 1, 0, 0, 0, 1010, 611, '2021-08-15 17:43:33', '2021-08-15 17:44:06'),
(12956, '2018-11-06', 641, 0, 0, 0, 1, 1, 1011, 612, '2021-08-15 17:43:33', '2021-08-15 17:44:06'),
(12957, '2018-06-26', 1096, 1, 1, 1, 1, 1, 1012, 613, '2021-08-15 17:43:33', '2021-08-15 17:44:06'),
(12958, '2018-06-21', 1761, 1, 0, 0, 1, 1, 1013, 614, '2021-08-15 17:43:33', '2021-08-15 17:44:06'),
(12959, '2018-06-15', 875, 1, 0, 0, 1, 1, 1014, 615, '2021-08-15 17:43:33', '2021-08-15 17:44:06'),
(12960, '2018-01-06', 698, 0, 1, 0, 0, 0, 1015, 616, '2021-08-15 17:43:33', '2021-08-15 17:44:06'),
(12961, '2018-06-30', 1251, 1, 1, 0, 0, 0, 1016, 617, '2021-08-15 17:43:33', '2021-08-15 17:44:06'),
(12962, '2018-06-17', 1500, 1, 1, 0, 0, 1, 1017, 618, '2021-08-15 17:43:33', '2021-08-15 17:44:06'),
(12963, '2018-06-30', 2422, 1, 0, 1, 0, 1, 1018, 619, '2021-08-15 17:43:33', '2021-08-15 17:44:06'),
(12964, '2018-06-22', 1197, 1, 0, 1, 1, 1, 1019, 620, '2021-08-15 17:43:33', '2021-08-15 17:44:06'),
(12965, '2018-01-06', 1507, 1, 1, 1, 0, 1, 1020, 621, '2021-08-15 17:43:33', '2021-08-15 17:44:06'),
(12966, '2018-06-28', 609, 0, 0, 1, 0, 1, 1021, 622, '2021-08-15 17:43:33', '2021-08-15 17:44:06'),
(12967, '2018-06-25', 1339, 1, 0, 1, 0, 1, 1022, 623, '2021-08-15 17:43:33', '2021-08-15 17:44:06'),
(12968, '2018-07-06', 1730, 0, 0, 1, 0, 0, 1023, 624, '2021-08-15 17:43:33', '2021-08-15 17:44:06'),
(12969, '2018-01-06', 2164, 1, 1, 1, 1, 1, 1024, 625, '2021-08-15 17:43:33', '2021-08-15 17:44:06'),
(12970, '2018-06-23', 1791, 0, 0, 1, 0, 1, 1025, 626, '2021-08-15 17:43:33', '2021-08-15 17:44:06'),
(12971, '2018-06-18', 759, 1, 1, 1, 0, 0, 1026, 627, '2021-08-15 17:43:33', '2021-08-15 17:44:06'),
(12972, '2018-06-14', 1199, 1, 0, 0, 1, 0, 1027, 628, '2021-08-15 17:43:33', '2021-08-15 17:44:06'),
(12973, '2018-06-28', 1214, 1, 1, 1, 1, 1, 1028, 629, '2021-08-15 17:43:33', '2021-08-15 17:44:06'),
(12974, '2018-06-13', 2104, 1, 0, 1, 0, 1, 1029, 630, '2021-08-15 17:43:33', '2021-08-15 17:44:06'),
(12975, '2018-09-06', 538, 1, 0, 1, 0, 1, 1030, 631, '2021-08-15 17:43:33', '2021-08-15 17:44:06'),
(12976, '2018-06-27', 1951, 0, 0, 1, 0, 0, 1031, 632, '2021-08-15 17:43:33', '2021-08-15 17:44:06'),
(12977, '2018-06-18', 804, 0, 1, 1, 0, 1, 1032, 633, '2021-08-15 17:43:33', '2021-08-15 17:44:06'),
(12978, '2018-08-06', 1778, 1, 0, 1, 0, 0, 1033, 634, '2021-08-15 17:43:33', '2021-08-15 17:44:06'),
(12979, '2018-06-22', 1368, 0, 0, 0, 0, 1, 1034, 635, '2021-08-15 17:43:33', '2021-08-15 17:44:06'),
(12980, '2018-06-21', 1744, 0, 1, 1, 1, 1, 1035, 636, '2021-08-15 17:43:33', '2021-08-15 17:44:06'),
(12981, '2018-10-06', 844, 1, 0, 0, 0, 1, 1036, 637, '2021-08-15 17:43:33', '2021-08-15 17:44:06'),
(12982, '2018-12-06', 1769, 1, 1, 1, 1, 1, 1037, 638, '2021-08-15 17:43:33', '2021-08-15 17:44:06'),
(12983, '2018-02-06', 873, 1, 1, 1, 1, 0, 1038, 639, '2021-08-15 17:43:33', '2021-08-15 17:44:06'),
(12984, '2018-07-06', 2088, 1, 1, 0, 0, 1, 1039, 640, '2021-08-15 17:43:33', '2021-08-15 17:44:06'),
(12985, '2018-04-06', 520, 0, 1, 0, 1, 0, 1040, 641, '2021-08-15 17:43:33', '2021-08-15 17:44:06'),
(12986, '2018-12-06', 1642, 1, 1, 0, 1, 1, 1041, 642, '2021-08-15 17:43:33', '2021-08-15 17:44:06'),
(12987, '2018-06-26', 1261, 1, 1, 1, 0, 1, 1042, 643, '2021-08-15 17:43:33', '2021-08-15 17:44:06'),
(12988, '2018-06-24', 2266, 0, 0, 1, 1, 0, 1043, 644, '2021-08-15 17:43:33', '2021-08-15 17:44:06'),
(12989, '2018-06-27', 2302, 0, 0, 1, 1, 1, 1044, 645, '2021-08-15 17:43:33', '2021-08-15 17:44:06'),
(12990, '2018-07-06', 2191, 0, 1, 1, 0, 1, 1045, 646, '2021-08-15 17:43:33', '2021-08-15 17:44:06'),
(12991, '2018-06-29', 620, 1, 0, 0, 1, 0, 1046, 647, '2021-08-15 17:43:33', '2021-08-15 17:44:06'),
(12992, '2018-10-06', 874, 1, 1, 1, 0, 1, 1047, 648, '2021-08-15 17:43:33', '2021-08-15 17:44:06'),
(12993, '2018-06-18', 1217, 1, 0, 1, 0, 1, 1048, 649, '2021-08-15 17:43:33', '2021-08-15 17:44:06'),
(12994, '2018-06-14', 586, 0, 1, 0, 1, 0, 1049, 650, '2021-08-15 17:43:33', '2021-08-15 17:44:06'),
(12995, '2018-06-19', 972, 0, 1, 1, 0, 1, 1050, 651, '2021-08-15 17:43:33', '2021-08-15 17:44:06'),
(12996, '2018-06-17', 958, 1, 1, 0, 1, 0, 1051, 652, '2021-08-15 17:43:33', '2021-08-15 17:44:06'),
(12997, '2018-06-16', 1971, 1, 1, 0, 1, 0, 1052, 653, '2021-08-15 17:43:33', '2021-08-15 17:44:06'),
(12998, '2018-04-06', 1225, 1, 1, 1, 0, 0, 1053, 654, '2021-08-15 17:43:33', '2021-08-15 17:44:06'),
(12999, '2018-06-25', 1789, 0, 1, 1, 0, 1, 1054, 655, '2021-08-15 17:43:33', '2021-08-15 17:44:06'),
(13000, '2018-06-29', 523, 0, 1, 0, 1, 1, 1055, 656, '2021-08-15 17:43:33', '2021-08-15 17:44:06'),
(13001, '2018-06-23', 1548, 1, 1, 1, 1, 1, 1056, 657, '2021-08-15 17:43:33', '2021-08-15 17:44:06'),
(13002, '2018-06-06', 1524, 0, 0, 1, 0, 0, 1057, 658, '2021-08-15 17:43:33', '2021-08-15 17:44:06'),
(13003, '2018-06-18', 752, 1, 0, 1, 0, 1, 1058, 659, '2021-08-15 17:43:33', '2021-08-15 17:44:06'),
(13004, '2018-07-06', 1787, 0, 1, 1, 0, 0, 1059, 660, '2021-08-15 17:43:33', '2021-08-15 17:44:06'),
(13005, '2018-02-06', 1416, 1, 0, 0, 1, 1, 1060, 661, '2021-08-15 17:43:33', '2021-08-15 17:44:06'),
(13006, '2018-06-16', 1685, 1, 0, 0, 1, 1, 1061, 662, '2021-08-15 17:43:33', '2021-08-15 17:44:06'),
(13007, '2018-06-15', 920, 0, 0, 0, 0, 0, 1062, 663, '2021-08-15 17:43:33', '2021-08-15 17:44:06'),
(13008, '2018-06-24', 1976, 1, 1, 1, 0, 1, 1063, 664, '2021-08-15 17:43:33', '2021-08-15 17:44:06'),
(13009, '2018-11-06', 2353, 1, 1, 1, 1, 0, 1064, 665, '2021-08-15 17:43:33', '2021-08-15 17:44:06'),
(13010, '2018-06-19', 1045, 1, 0, 1, 1, 0, 1065, 666, '2021-08-15 17:43:33', '2021-08-15 17:44:06'),
(13011, '2018-06-14', 1998, 1, 0, 1, 0, 0, 1066, 667, '2021-08-15 17:43:33', '2021-08-15 17:44:06'),
(13012, '2018-03-06', 593, 0, 0, 1, 0, 1, 1067, 668, '2021-08-15 17:43:33', '2021-08-15 17:44:06'),
(13013, '2018-06-06', 1994, 1, 1, 0, 1, 0, 1068, 669, '2021-08-15 17:43:33', '2021-08-15 17:44:06'),
(13014, '2018-06-13', 1595, 0, 0, 0, 0, 1, 1069, 670, '2021-08-15 17:43:33', '2021-08-15 17:44:06'),
(13015, '2018-06-22', 2181, 0, 1, 0, 1, 0, 1070, 671, '2021-08-15 17:43:33', '2021-08-15 17:44:06'),
(13016, '2018-06-16', 2403, 0, 0, 1, 1, 0, 1071, 672, '2021-08-15 17:43:33', '2021-08-15 17:44:06'),
(13017, '2018-08-06', 1918, 1, 0, 0, 1, 0, 1072, 673, '2021-08-15 17:43:33', '2021-08-15 17:44:06'),
(13018, '2018-11-06', 1651, 0, 1, 1, 0, 1, 1073, 674, '2021-08-15 17:43:33', '2021-08-15 17:44:06'),
(13019, '2018-06-28', 541, 1, 1, 1, 0, 0, 1074, 675, '2021-08-15 17:43:33', '2021-08-15 17:44:06'),
(13020, '2018-06-30', 1164, 1, 1, 0, 0, 0, 1075, 676, '2021-08-15 17:43:33', '2021-08-15 17:44:06'),
(13021, '2018-06-16', 2289, 0, 1, 0, 0, 0, 1076, 677, '2021-08-15 17:43:33', '2021-08-15 17:44:06'),
(13022, '2018-11-06', 1519, 0, 1, 1, 0, 1, 1077, 678, '2021-08-15 17:43:33', '2021-08-15 17:44:06'),
(13023, '2018-05-06', 1840, 1, 0, 1, 1, 1, 1078, 679, '2021-08-15 17:43:33', '2021-08-15 17:44:06'),
(13024, '2018-06-20', 1798, 0, 0, 0, 0, 1, 1079, 680, '2021-08-15 17:43:33', '2021-08-15 17:44:06'),
(13025, '2018-06-15', 933, 0, 0, 1, 1, 0, 1080, 681, '2021-08-15 17:43:33', '2021-08-15 17:44:06'),
(13026, '2018-06-27', 2291, 0, 0, 0, 1, 1, 1081, 682, '2021-08-15 17:43:33', '2021-08-15 17:44:06'),
(13027, '2018-06-28', 648, 1, 0, 0, 1, 0, 1082, 683, '2021-08-15 17:43:33', '2021-08-15 17:44:06'),
(13028, '2018-06-26', 1933, 1, 0, 1, 0, 0, 1083, 684, '2021-08-15 17:43:33', '2021-08-15 17:44:06'),
(13029, '2018-06-29', 911, 0, 0, 0, 0, 0, 1084, 685, '2021-08-15 17:43:33', '2021-08-15 17:44:06'),
(13030, '2018-10-06', 2299, 1, 0, 1, 1, 1, 1085, 686, '2021-08-15 17:43:33', '2021-08-15 17:44:06'),
(13031, '2018-06-27', 620, 0, 1, 1, 0, 0, 1086, 687, '2021-08-15 17:43:33', '2021-08-15 17:44:06'),
(13032, '2018-06-27', 2418, 0, 1, 0, 1, 0, 1087, 688, '2021-08-15 17:43:33', '2021-08-15 17:44:06'),
(13033, '2018-06-18', 1785, 1, 0, 0, 0, 0, 1088, 689, '2021-08-15 17:43:33', '2021-08-15 17:44:06'),
(13034, '2018-04-06', 2139, 1, 1, 1, 0, 0, 1089, 690, '2021-08-15 17:43:33', '2021-08-15 17:44:06'),
(13035, '2018-06-23', 2023, 0, 1, 1, 1, 1, 1090, 691, '2021-08-15 17:43:33', '2021-08-15 17:44:06'),
(13036, '2018-06-06', 2099, 0, 0, 0, 0, 1, 1091, 692, '2021-08-15 17:43:33', '2021-08-15 17:44:06'),
(13037, '2018-06-19', 1559, 1, 0, 0, 1, 0, 1092, 693, '2021-08-15 17:43:33', '2021-08-15 17:44:06'),
(13038, '2018-11-06', 1277, 0, 0, 0, 1, 1, 1093, 694, '2021-08-15 17:43:33', '2021-08-15 17:44:06'),
(13039, '2018-06-29', 2487, 1, 1, 0, 0, 1, 1094, 695, '2021-08-15 17:43:33', '2021-08-15 17:44:06'),
(13040, '2018-02-06', 1717, 0, 0, 0, 1, 1, 1095, 696, '2021-08-15 17:43:33', '2021-08-15 17:44:06'),
(13041, '2018-06-14', 2342, 1, 1, 0, 0, 0, 1096, 697, '2021-08-15 17:43:33', '2021-08-15 17:44:06'),
(13042, '2018-01-06', 717, 0, 1, 1, 1, 0, 1097, 698, '2021-08-15 17:43:33', '2021-08-15 17:44:06'),
(13043, '2018-06-16', 1533, 0, 0, 0, 1, 0, 1098, 699, '2021-08-15 17:43:33', '2021-08-15 17:44:06'),
(13044, '2018-06-23', 751, 1, 0, 1, 0, 0, 1099, 700, '2021-08-15 17:43:33', '2021-08-15 17:44:06'),
(13045, '2018-07-29', 2277, 1, 0, 0, 0, 1, 1100, 701, '2021-08-15 17:43:33', '2021-08-15 17:44:06'),
(13046, '2018-06-07', 2205, 0, 0, 0, 0, 1, 1101, 702, '2021-08-15 17:43:33', '2021-08-15 17:44:06'),
(13047, '2018-05-07', 1095, 1, 0, 0, 0, 1, 1102, 703, '2021-08-15 17:43:33', '2021-08-15 17:44:06'),
(13048, '2018-07-23', 552, 0, 0, 1, 1, 1, 1103, 704, '2021-08-15 17:43:33', '2021-08-15 17:44:06'),
(13049, '2018-07-24', 2489, 1, 0, 1, 0, 0, 1104, 705, '2021-08-15 17:43:33', '2021-08-15 17:44:06'),
(13050, '2018-07-21', 2345, 1, 1, 1, 0, 0, 1105, 706, '2021-08-15 17:43:33', '2021-08-15 17:44:06'),
(13051, '2018-05-07', 1712, 0, 0, 1, 0, 0, 1106, 707, '2021-08-15 17:43:33', '2021-08-15 17:44:06'),
(13052, '2018-07-23', 2326, 1, 0, 1, 1, 1, 1107, 708, '2021-08-15 17:43:33', '2021-08-15 17:44:06'),
(13053, '2018-06-07', 505, 0, 0, 0, 1, 1, 1108, 709, '2021-08-15 17:43:33', '2021-08-15 17:44:06'),
(13054, '2018-07-23', 882, 0, 0, 0, 0, 1, 1109, 710, '2021-08-15 17:43:33', '2021-08-15 17:44:06'),
(13055, '2018-07-18', 837, 1, 0, 0, 1, 0, 1110, 711, '2021-08-15 17:43:33', '2021-08-15 17:44:06'),
(13056, '2018-03-07', 2418, 0, 1, 1, 0, 1, 1111, 712, '2021-08-15 17:43:33', '2021-08-15 17:44:06'),
(13057, '2018-07-24', 625, 0, 1, 1, 1, 0, 1112, 713, '2021-08-15 17:43:33', '2021-08-15 17:44:06'),
(13058, '2018-07-20', 1643, 1, 1, 0, 1, 0, 1113, 714, '2021-08-15 17:43:33', '2021-08-15 17:44:06'),
(13059, '2018-07-28', 1564, 0, 0, 0, 1, 0, 1114, 715, '2021-08-15 17:43:33', '2021-08-15 17:44:06'),
(13060, '2018-07-13', 1642, 0, 0, 0, 1, 1, 1115, 716, '2021-08-15 17:43:33', '2021-08-15 17:44:06'),
(13061, '2018-07-24', 1354, 0, 1, 0, 0, 0, 1116, 717, '2021-08-15 17:43:33', '2021-08-15 17:44:06'),
(13062, '2018-07-13', 1614, 1, 1, 0, 0, 1, 1117, 718, '2021-08-15 17:43:33', '2021-08-15 17:44:06'),
(13063, '2018-03-07', 1764, 1, 1, 1, 0, 1, 1118, 719, '2021-08-15 17:43:33', '2021-08-15 17:44:06'),
(13064, '2018-07-18', 1848, 1, 1, 1, 0, 1, 1119, 720, '2021-08-15 17:43:33', '2021-08-15 17:44:06'),
(13065, '2018-08-07', 953, 1, 1, 0, 1, 1, 1120, 721, '2021-08-15 17:43:33', '2021-08-15 17:44:06'),
(13066, '2018-03-07', 2009, 0, 0, 0, 0, 1, 1121, 722, '2021-08-15 17:43:33', '2021-08-15 17:44:06'),
(13067, '2018-07-26', 1726, 0, 1, 0, 1, 1, 1122, 723, '2021-08-15 17:43:33', '2021-08-15 17:44:06'),
(13068, '2018-07-25', 741, 1, 1, 1, 0, 1, 1123, 724, '2021-08-15 17:43:33', '2021-08-15 17:44:06'),
(13069, '2018-07-17', 2467, 0, 0, 1, 0, 0, 1124, 725, '2021-08-15 17:43:33', '2021-08-15 17:44:06'),
(13070, '2018-07-15', 775, 0, 1, 1, 1, 1, 1125, 726, '2021-08-15 17:43:33', '2021-08-15 17:44:06'),
(13071, '2018-07-19', 1545, 1, 0, 0, 1, 0, 1126, 727, '2021-08-15 17:43:33', '2021-08-15 17:44:06'),
(13072, '2018-07-14', 631, 1, 0, 0, 1, 1, 1127, 728, '2021-08-15 17:43:33', '2021-08-15 17:44:06'),
(13073, '2018-07-24', 2250, 1, 1, 1, 0, 0, 1128, 729, '2021-08-15 17:43:33', '2021-08-15 17:44:06'),
(13074, '2018-07-07', 1741, 0, 0, 0, 1, 0, 1129, 730, '2021-08-15 17:43:33', '2021-08-15 17:44:06'),
(13075, '2018-07-28', 1668, 0, 1, 0, 1, 0, 1130, 731, '2021-08-15 17:43:33', '2021-08-15 17:44:06'),
(13076, '2018-07-20', 1303, 1, 1, 1, 0, 1, 1131, 732, '2021-08-15 17:43:33', '2021-08-15 17:44:06'),
(13077, '2018-07-07', 691, 1, 0, 1, 1, 0, 1132, 733, '2021-08-15 17:43:33', '2021-08-15 17:44:06'),
(13078, '2018-07-07', 1157, 1, 0, 1, 1, 0, 1133, 734, '2021-08-15 17:43:33', '2021-08-15 17:44:06'),
(13079, '2018-07-14', 648, 1, 0, 0, 1, 0, 1134, 735, '2021-08-15 17:43:33', '2021-08-15 17:44:06'),
(13080, '2018-05-07', 563, 0, 0, 1, 1, 1, 1135, 736, '2021-08-15 17:43:33', '2021-08-15 17:44:06'),
(13081, '2018-02-07', 2040, 1, 1, 1, 0, 1, 1136, 737, '2021-08-15 17:43:33', '2021-08-15 17:44:06'),
(13082, '2018-11-07', 1211, 0, 0, 1, 0, 0, 1137, 738, '2021-08-15 17:43:33', '2021-08-15 17:44:06'),
(13083, '2018-07-14', 1666, 0, 1, 1, 1, 0, 1138, 739, '2021-08-15 17:43:33', '2021-08-15 17:44:06'),
(13084, '2018-07-13', 1140, 0, 1, 0, 0, 0, 1139, 740, '2021-08-15 17:43:33', '2021-08-15 17:44:06'),
(13085, '2018-07-22', 2108, 0, 0, 0, 0, 1, 1140, 741, '2021-08-15 17:43:33', '2021-08-15 17:44:06'),
(13086, '2018-09-07', 1734, 1, 0, 0, 0, 1, 1141, 742, '2021-08-15 17:43:33', '2021-08-15 17:44:06'),
(13087, '2018-10-07', 1281, 0, 0, 0, 0, 0, 1142, 743, '2021-08-15 17:43:33', '2021-08-15 17:44:06'),
(13088, '2018-05-07', 1926, 0, 0, 1, 0, 1, 1143, 744, '2021-08-15 17:43:33', '2021-08-15 17:44:06'),
(13089, '2018-07-28', 2095, 1, 0, 0, 1, 0, 1144, 745, '2021-08-15 17:43:33', '2021-08-15 17:44:06'),
(13090, '2018-07-26', 2199, 0, 0, 1, 1, 1, 1145, 746, '2021-08-15 17:43:33', '2021-08-15 17:44:06'),
(13091, '2018-07-16', 611, 1, 0, 0, 1, 0, 1146, 747, '2021-08-15 17:43:33', '2021-08-15 17:44:06'),
(13092, '2018-02-07', 2117, 1, 1, 1, 1, 1, 1147, 748, '2021-08-15 17:43:33', '2021-08-15 17:44:06'),
(13093, '2018-07-23', 1427, 0, 0, 0, 1, 1, 1148, 749, '2021-08-15 17:43:33', '2021-08-15 17:44:06'),
(13094, '2018-07-13', 2141, 0, 1, 1, 1, 1, 1149, 750, '2021-08-15 17:43:33', '2021-08-15 17:44:06'),
(13095, '2018-07-19', 1286, 1, 1, 1, 1, 1, 1150, 751, '2021-08-15 17:43:33', '2021-08-15 17:44:06'),
(13096, '2018-07-26', 521, 1, 1, 1, 0, 0, 1151, 752, '2021-08-15 17:43:33', '2021-08-15 17:44:06'),
(13097, '2018-07-18', 1002, 0, 1, 1, 0, 1, 1152, 753, '2021-08-15 17:43:33', '2021-08-15 17:44:06'),
(13098, '2018-07-30', 1425, 1, 0, 0, 0, 0, 1153, 754, '2021-08-15 17:43:33', '2021-08-15 17:44:06'),
(13099, '2018-04-07', 1796, 1, 1, 0, 1, 1, 1154, 755, '2021-08-15 17:43:33', '2021-08-15 17:44:06'),
(13100, '2018-11-07', 1627, 1, 1, 1, 1, 0, 1155, 756, '2021-08-15 17:43:33', '2021-08-15 17:44:06'),
(13101, '2018-07-25', 1019, 1, 0, 1, 0, 0, 1156, 757, '2021-08-15 17:43:33', '2021-08-15 17:44:06'),
(13102, '2018-07-14', 1492, 0, 0, 0, 1, 0, 1157, 758, '2021-08-15 17:43:33', '2021-08-15 17:44:06'),
(13103, '2018-09-07', 2220, 0, 1, 1, 1, 1, 1158, 759, '2021-08-15 17:43:33', '2021-08-15 17:44:06'),
(13104, '2018-07-15', 705, 0, 1, 0, 1, 1, 1159, 760, '2021-08-15 17:43:33', '2021-08-15 17:44:06'),
(13105, '2018-06-07', 1925, 1, 0, 0, 0, 0, 1160, 761, '2021-08-15 17:43:33', '2021-08-15 17:44:06'),
(13106, '2018-11-07', 1673, 1, 0, 0, 0, 1, 1161, 762, '2021-08-15 17:43:33', '2021-08-15 17:44:06'),
(13107, '2018-07-20', 2359, 1, 1, 1, 1, 1, 1162, 763, '2021-08-15 17:43:33', '2021-08-15 17:44:06'),
(13108, '2018-02-07', 1857, 1, 1, 0, 1, 1, 1163, 764, '2021-08-15 17:43:33', '2021-08-15 17:44:06'),
(13109, '2018-07-28', 2235, 1, 0, 0, 1, 1, 1164, 765, '2021-08-15 17:43:33', '2021-08-15 17:44:06'),
(13110, '2018-07-15', 1192, 1, 1, 1, 0, 0, 1165, 766, '2021-08-15 17:43:33', '2021-08-15 17:44:06'),
(13111, '2018-07-13', 1490, 0, 1, 0, 1, 1, 1166, 767, '2021-08-15 17:43:33', '2021-08-15 17:44:06'),
(13112, '2018-07-15', 2156, 1, 1, 1, 1, 1, 1167, 768, '2021-08-15 17:43:33', '2021-08-15 17:44:06'),
(13113, '2018-05-07', 2241, 0, 1, 0, 1, 0, 1168, 769, '2021-08-15 17:43:33', '2021-08-15 17:44:06'),
(13114, '2018-08-07', 2052, 0, 1, 1, 1, 0, 1169, 770, '2021-08-15 17:43:33', '2021-08-15 17:44:06'),
(13115, '2018-10-07', 1371, 0, 1, 0, 1, 1, 1170, 771, '2021-08-15 17:43:33', '2021-08-15 17:44:06'),
(13116, '2018-07-22', 1351, 1, 1, 0, 1, 0, 1171, 772, '2021-08-15 17:43:33', '2021-08-15 17:44:06'),
(13117, '2018-11-07', 1008, 0, 0, 0, 1, 0, 1172, 773, '2021-08-15 17:43:33', '2021-08-15 17:44:06'),
(13118, '2018-04-07', 1798, 0, 1, 0, 1, 0, 1173, 774, '2021-08-15 17:43:33', '2021-08-15 17:44:06'),
(13119, '2018-01-07', 1253, 0, 1, 1, 1, 0, 1174, 775, '2021-08-15 17:43:33', '2021-08-15 17:44:06'),
(13120, '2018-08-07', 1939, 1, 0, 0, 0, 0, 1175, 776, '2021-08-15 17:43:33', '2021-08-15 17:44:06'),
(13121, '2018-07-25', 2475, 1, 0, 1, 0, 0, 1176, 777, '2021-08-15 17:43:33', '2021-08-15 17:44:06'),
(13122, '2018-07-13', 1949, 0, 1, 0, 0, 1, 1177, 778, '2021-08-15 17:43:33', '2021-08-15 17:44:06'),
(13123, '2018-07-25', 1143, 1, 0, 1, 1, 1, 1178, 779, '2021-08-15 17:43:33', '2021-08-15 17:44:06'),
(13124, '2018-01-07', 2084, 0, 1, 0, 1, 0, 1179, 780, '2021-08-15 17:43:33', '2021-08-15 17:44:06'),
(13125, '2018-07-22', 2434, 1, 1, 0, 0, 1, 1180, 781, '2021-08-15 17:43:33', '2021-08-15 17:44:06'),
(13126, '2018-07-25', 2313, 0, 0, 0, 1, 0, 1181, 782, '2021-08-15 17:43:33', '2021-08-15 17:44:06'),
(13127, '2018-07-25', 500, 0, 1, 0, 0, 0, 1182, 783, '2021-08-15 17:43:33', '2021-08-15 17:44:06'),
(13128, '2018-07-30', 1977, 1, 0, 1, 0, 1, 1183, 784, '2021-08-15 17:43:33', '2021-08-15 17:44:06'),
(13129, '2018-07-20', 1195, 1, 1, 1, 0, 0, 1184, 785, '2021-08-15 17:43:33', '2021-08-15 17:44:06'),
(13130, '2018-07-14', 1163, 0, 0, 0, 0, 1, 1185, 786, '2021-08-15 17:43:33', '2021-08-15 17:44:06'),
(13131, '2018-07-16', 2010, 1, 0, 0, 1, 1, 1186, 787, '2021-08-15 17:43:33', '2021-08-15 17:44:06'),
(13132, '2018-07-17', 532, 1, 1, 1, 0, 1, 1187, 788, '2021-08-15 17:43:33', '2021-08-15 17:44:06'),
(13133, '2018-07-23', 2478, 0, 0, 0, 0, 0, 1188, 789, '2021-08-15 17:43:33', '2021-08-15 17:44:06'),
(13134, '2018-07-15', 1388, 1, 0, 0, 0, 0, 1189, 790, '2021-08-15 17:43:33', '2021-08-15 17:44:06'),
(13135, '2018-07-24', 1076, 1, 0, 0, 0, 0, 1190, 791, '2021-08-15 17:43:33', '2021-08-15 17:44:06'),
(13136, '2018-01-07', 564, 0, 0, 1, 1, 1, 1191, 792, '2021-08-15 17:43:33', '2021-08-15 17:44:06'),
(13137, '2018-07-17', 1225, 0, 0, 1, 0, 0, 1192, 793, '2021-08-15 17:43:33', '2021-08-15 17:44:06'),
(13138, '2018-07-25', 2295, 0, 1, 1, 1, 0, 1193, 794, '2021-08-15 17:43:33', '2021-08-15 17:44:06'),
(13139, '2018-07-23', 2285, 1, 0, 1, 1, 1, 1194, 795, '2021-08-15 17:43:33', '2021-08-15 17:44:06'),
(13140, '2018-07-28', 508, 1, 0, 1, 1, 0, 1195, 796, '2021-08-15 17:43:33', '2021-08-15 17:44:06'),
(13141, '2018-06-07', 1967, 1, 0, 0, 0, 1, 1196, 797, '2021-08-15 17:43:33', '2021-08-15 17:44:06'),
(13142, '2018-10-07', 1553, 0, 0, 1, 1, 1, 1197, 798, '2021-08-15 17:43:33', '2021-08-15 17:44:06'),
(13143, '2018-03-07', 2141, 0, 1, 0, 0, 0, 1198, 799, '2021-08-15 17:43:33', '2021-08-15 17:44:06'),
(13144, '2018-07-29', 2102, 1, 0, 1, 1, 0, 1199, 800, '2021-08-15 17:43:33', '2021-08-15 17:44:06'),
(13145, '2018-05-08', 1662, 0, 1, 1, 1, 0, 1200, 801, '2021-08-15 17:43:33', '2021-08-15 17:44:06'),
(13146, '2018-08-27', 910, 0, 1, 0, 0, 0, 1201, 802, '2021-08-15 17:43:33', '2021-08-15 17:44:06'),
(13147, '2018-10-08', 2402, 0, 1, 0, 1, 0, 1202, 803, '2021-08-15 17:43:33', '2021-08-15 17:44:06'),
(13148, '2018-08-18', 1731, 1, 0, 0, 0, 0, 1203, 804, '2021-08-15 17:43:33', '2021-08-15 17:44:06'),
(13149, '2018-08-24', 557, 1, 0, 1, 1, 0, 1204, 805, '2021-08-15 17:43:33', '2021-08-15 17:44:06'),
(13150, '2018-10-08', 1377, 1, 0, 0, 1, 0, 1205, 806, '2021-08-15 17:43:33', '2021-08-15 17:44:06'),
(13151, '2018-08-30', 2301, 1, 0, 0, 0, 0, 1206, 807, '2021-08-15 17:43:33', '2021-08-15 17:44:06'),
(13152, '2018-03-08', 1157, 0, 0, 1, 0, 0, 1207, 808, '2021-08-15 17:43:33', '2021-08-15 17:44:06'),
(13153, '2018-06-08', 629, 1, 0, 1, 1, 0, 1208, 809, '2021-08-15 17:43:33', '2021-08-15 17:44:06'),
(13154, '2018-08-30', 2255, 0, 1, 0, 1, 0, 1209, 810, '2021-08-15 17:43:33', '2021-08-15 17:44:06'),
(13155, '2018-02-08', 974, 0, 1, 1, 0, 0, 1210, 811, '2021-08-15 17:43:33', '2021-08-15 17:44:06'),
(13156, '2018-08-17', 1399, 1, 0, 0, 1, 0, 1211, 812, '2021-08-15 17:43:33', '2021-08-15 17:44:06'),
(13157, '2018-02-08', 1612, 0, 1, 1, 0, 0, 1212, 813, '2021-08-15 17:43:33', '2021-08-15 17:44:06'),
(13158, '2018-03-08', 2410, 1, 0, 1, 1, 1, 1213, 814, '2021-08-15 17:43:33', '2021-08-15 17:44:06'),
(13159, '2018-08-26', 1545, 0, 1, 0, 1, 1, 1214, 815, '2021-08-15 17:43:33', '2021-08-15 17:44:06'),
(13160, '2018-08-14', 1566, 1, 1, 0, 0, 1, 1215, 816, '2021-08-15 17:43:33', '2021-08-15 17:44:06'),
(13161, '2018-08-23', 703, 1, 0, 0, 1, 1, 1216, 817, '2021-08-15 17:43:33', '2021-08-15 17:44:06'),
(13162, '2018-08-25', 1441, 1, 1, 1, 1, 1, 1217, 818, '2021-08-15 17:43:33', '2021-08-15 17:44:06'),
(13163, '2018-03-08', 1005, 1, 1, 1, 0, 1, 1218, 819, '2021-08-15 17:43:33', '2021-08-15 17:44:06'),
(13164, '2018-04-08', 2163, 1, 0, 0, 1, 0, 1219, 820, '2021-08-15 17:43:33', '2021-08-15 17:44:06'),
(13165, '2018-08-14', 1835, 1, 0, 1, 1, 1, 1220, 821, '2021-08-15 17:43:33', '2021-08-15 17:44:06'),
(13166, '2018-08-26', 2033, 0, 1, 1, 1, 1, 1221, 822, '2021-08-15 17:43:33', '2021-08-15 17:44:06'),
(13167, '2018-08-17', 1950, 1, 1, 0, 0, 0, 1222, 823, '2021-08-15 17:43:33', '2021-08-15 17:44:06'),
(13168, '2018-08-20', 699, 0, 0, 1, 0, 1, 1223, 824, '2021-08-15 17:43:33', '2021-08-15 17:44:06'),
(13169, '2018-08-30', 817, 0, 0, 1, 0, 0, 1224, 825, '2021-08-15 17:43:33', '2021-08-15 17:44:06'),
(13170, '2018-08-14', 2435, 1, 0, 1, 0, 1, 1225, 826, '2021-08-15 17:43:33', '2021-08-15 17:44:06'),
(13171, '2018-08-22', 1216, 0, 0, 0, 1, 0, 1226, 827, '2021-08-15 17:43:33', '2021-08-15 17:44:06'),
(13172, '2018-10-08', 705, 0, 1, 1, 1, 0, 1227, 828, '2021-08-15 17:43:33', '2021-08-15 17:44:06'),
(13173, '2018-08-17', 2443, 0, 0, 1, 1, 1, 1228, 829, '2021-08-15 17:43:33', '2021-08-15 17:44:06'),
(13174, '2018-08-26', 1398, 1, 0, 1, 0, 0, 1229, 830, '2021-08-15 17:43:33', '2021-08-15 17:44:06'),
(13175, '2018-08-24', 2471, 0, 1, 1, 1, 1, 1230, 831, '2021-08-15 17:43:33', '2021-08-15 17:44:06'),
(13176, '2018-08-22', 1854, 1, 0, 1, 1, 0, 1231, 832, '2021-08-15 17:43:33', '2021-08-15 17:44:06'),
(13177, '2018-08-28', 675, 0, 0, 1, 0, 1, 1232, 833, '2021-08-15 17:43:33', '2021-08-15 17:44:06'),
(13178, '2018-08-30', 1035, 1, 0, 0, 0, 0, 1233, 834, '2021-08-15 17:43:33', '2021-08-15 17:44:06'),
(13179, '2018-05-08', 926, 1, 1, 0, 1, 0, 1234, 835, '2021-08-15 17:43:33', '2021-08-15 17:44:06'),
(13180, '2018-12-08', 2171, 0, 1, 1, 1, 1, 1235, 836, '2021-08-15 17:43:33', '2021-08-15 17:44:06'),
(13181, '2018-08-30', 2064, 1, 1, 0, 1, 0, 1236, 837, '2021-08-15 17:43:33', '2021-08-15 17:44:06'),
(13182, '2018-08-25', 934, 1, 1, 0, 1, 1, 1237, 838, '2021-08-15 17:43:33', '2021-08-15 17:44:06'),
(13183, '2018-07-08', 1681, 0, 1, 1, 1, 1, 1238, 839, '2021-08-15 17:43:33', '2021-08-15 17:44:06'),
(13184, '2018-08-17', 1556, 1, 0, 1, 0, 1, 1239, 840, '2021-08-15 17:43:33', '2021-08-15 17:44:06'),
(13185, '2018-08-22', 2111, 1, 0, 0, 1, 1, 1240, 841, '2021-08-15 17:43:33', '2021-08-15 17:44:06'),
(13186, '2018-08-23', 2048, 0, 0, 1, 1, 1, 1241, 842, '2021-08-15 17:43:33', '2021-08-15 17:44:06'),
(13187, '2018-07-08', 507, 0, 0, 0, 1, 0, 1242, 843, '2021-08-15 17:43:33', '2021-08-15 17:44:06'),
(13188, '2018-08-13', 1799, 1, 0, 0, 0, 1, 1243, 844, '2021-08-15 17:43:33', '2021-08-15 17:44:06'),
(13189, '2018-11-08', 2292, 1, 0, 1, 1, 0, 1244, 845, '2021-08-15 17:43:33', '2021-08-15 17:44:06'),
(13190, '2018-08-23', 2143, 0, 0, 1, 0, 0, 1245, 846, '2021-08-15 17:43:33', '2021-08-15 17:44:06'),
(13191, '2018-08-17', 2198, 0, 1, 1, 1, 1, 1246, 847, '2021-08-15 17:43:33', '2021-08-15 17:44:06'),
(13192, '2018-08-08', 581, 1, 0, 0, 1, 0, 1247, 848, '2021-08-15 17:43:33', '2021-08-15 17:44:06'),
(13193, '2018-08-14', 2364, 1, 1, 0, 0, 0, 1248, 849, '2021-08-15 17:43:33', '2021-08-15 17:44:06'),
(13194, '2018-07-08', 533, 1, 0, 1, 0, 0, 1249, 850, '2021-08-15 17:43:33', '2021-08-15 17:44:06'),
(13195, '2018-08-23', 1911, 1, 1, 1, 0, 1, 1250, 851, '2021-08-15 17:43:33', '2021-08-15 17:44:06'),
(13196, '2018-08-21', 1559, 0, 0, 1, 0, 1, 1251, 852, '2021-08-15 17:43:33', '2021-08-15 17:44:06'),
(13197, '2018-08-16', 2477, 0, 0, 0, 1, 0, 1252, 853, '2021-08-15 17:43:33', '2021-08-15 17:44:06'),
(13198, '2018-08-22', 878, 0, 0, 0, 0, 0, 1253, 854, '2021-08-15 17:43:33', '2021-08-15 17:44:06'),
(13199, '2018-04-08', 1090, 0, 0, 1, 0, 0, 1254, 855, '2021-08-15 17:43:33', '2021-08-15 17:44:06'),
(13200, '2018-08-24', 909, 0, 0, 0, 1, 1, 1255, 856, '2021-08-15 17:43:33', '2021-08-15 17:44:06'),
(13201, '2018-11-08', 833, 0, 1, 0, 0, 0, 1256, 857, '2021-08-15 17:43:33', '2021-08-15 17:44:06'),
(13202, '2018-05-08', 1031, 1, 1, 1, 0, 0, 1257, 858, '2021-08-15 17:43:33', '2021-08-15 17:44:06'),
(13203, '2018-08-23', 1947, 0, 1, 0, 1, 0, 1258, 859, '2021-08-15 17:43:33', '2021-08-15 17:44:06'),
(13204, '2018-08-18', 1757, 1, 1, 0, 1, 1, 1259, 860, '2021-08-15 17:43:33', '2021-08-15 17:44:06'),
(13205, '2018-02-08', 993, 0, 0, 1, 1, 0, 1260, 861, '2021-08-15 17:43:33', '2021-08-15 17:44:06'),
(13206, '2018-05-08', 1078, 0, 1, 1, 0, 1, 1261, 862, '2021-08-15 17:43:33', '2021-08-15 17:44:06'),
(13207, '2018-08-20', 1349, 0, 1, 1, 0, 0, 1262, 863, '2021-08-15 17:43:33', '2021-08-15 17:44:06'),
(13208, '2018-05-08', 1801, 1, 0, 1, 0, 1, 1263, 864, '2021-08-15 17:43:33', '2021-08-15 17:44:06'),
(13209, '2018-03-08', 511, 1, 0, 0, 0, 1, 1264, 865, '2021-08-15 17:43:33', '2021-08-15 17:44:06'),
(13210, '2018-08-23', 1709, 0, 0, 0, 1, 1, 1265, 866, '2021-08-15 17:43:33', '2021-08-15 17:44:06'),
(13211, '2018-08-08', 973, 0, 1, 1, 0, 1, 1266, 867, '2021-08-15 17:43:33', '2021-08-15 17:44:06'),
(13212, '2018-08-19', 747, 0, 0, 1, 0, 1, 1267, 868, '2021-08-15 17:43:33', '2021-08-15 17:44:06'),
(13213, '2018-06-08', 1102, 1, 0, 0, 1, 0, 1268, 869, '2021-08-15 17:43:33', '2021-08-15 17:44:06'),
(13214, '2018-08-15', 1878, 0, 1, 0, 1, 1, 1269, 870, '2021-08-15 17:43:33', '2021-08-15 17:44:06'),
(13215, '2018-08-17', 975, 0, 1, 0, 0, 0, 1270, 871, '2021-08-15 17:43:33', '2021-08-15 17:44:06'),
(13216, '2018-08-19', 803, 1, 1, 0, 0, 1, 1271, 872, '2021-08-15 17:43:33', '2021-08-15 17:44:06'),
(13217, '2018-08-30', 2339, 1, 1, 0, 1, 1, 1272, 873, '2021-08-15 17:43:33', '2021-08-15 17:44:06'),
(13218, '2018-08-17', 1340, 1, 0, 1, 0, 0, 1273, 874, '2021-08-15 17:43:33', '2021-08-15 17:44:06'),
(13219, '2018-08-16', 1539, 1, 1, 0, 1, 1, 1274, 875, '2021-08-15 17:43:33', '2021-08-15 17:44:06'),
(13220, '2018-08-23', 1364, 0, 0, 0, 1, 1, 1275, 876, '2021-08-15 17:43:33', '2021-08-15 17:44:06'),
(13221, '2018-08-26', 1083, 1, 0, 0, 0, 1, 1276, 877, '2021-08-15 17:43:33', '2021-08-15 17:44:06'),
(13222, '2018-08-30', 2380, 1, 0, 1, 1, 0, 1277, 878, '2021-08-15 17:43:33', '2021-08-15 17:44:06'),
(13223, '2018-08-25', 2238, 0, 1, 0, 0, 1, 1278, 879, '2021-08-15 17:43:33', '2021-08-15 17:44:06'),
(13224, '2018-08-30', 2192, 0, 1, 1, 1, 1, 1279, 880, '2021-08-15 17:43:33', '2021-08-15 17:44:06'),
(13225, '2018-08-17', 1302, 1, 1, 0, 0, 0, 1280, 881, '2021-08-15 17:43:33', '2021-08-15 17:44:06'),
(13226, '2018-06-08', 773, 1, 0, 0, 1, 0, 1281, 882, '2021-08-15 17:43:33', '2021-08-15 17:44:06'),
(13227, '2018-08-28', 2107, 0, 1, 0, 1, 0, 1282, 883, '2021-08-15 17:43:33', '2021-08-15 17:44:06'),
(13228, '2018-08-25', 1212, 1, 0, 1, 0, 1, 1283, 884, '2021-08-15 17:43:33', '2021-08-15 17:44:06'),
(13229, '2018-08-28', 1090, 0, 0, 1, 1, 0, 1284, 885, '2021-08-15 17:43:33', '2021-08-15 17:44:06'),
(13230, '2018-11-08', 1689, 0, 1, 1, 1, 1, 1285, 886, '2021-08-15 17:43:33', '2021-08-15 17:44:06'),
(13231, '2018-11-08', 1390, 0, 0, 1, 1, 0, 1286, 887, '2021-08-15 17:43:33', '2021-08-15 17:44:06'),
(13232, '2018-08-17', 2403, 1, 1, 0, 0, 1, 1287, 888, '2021-08-15 17:43:33', '2021-08-15 17:44:06'),
(13233, '2018-08-30', 1525, 1, 0, 1, 1, 0, 1288, 889, '2021-08-15 17:43:33', '2021-08-15 17:44:06'),
(13234, '2018-07-08', 2268, 0, 1, 1, 1, 1, 1289, 890, '2021-08-15 17:43:33', '2021-08-15 17:44:06'),
(13235, '2018-08-26', 1261, 0, 0, 0, 1, 1, 1290, 891, '2021-08-15 17:43:33', '2021-08-15 17:44:06'),
(13236, '2018-02-08', 1538, 0, 1, 1, 1, 1, 1291, 892, '2021-08-15 17:43:33', '2021-08-15 17:44:06'),
(13237, '2018-08-17', 1536, 1, 0, 0, 1, 1, 1292, 893, '2021-08-15 17:43:33', '2021-08-15 17:44:06'),
(13238, '2018-08-14', 1704, 0, 1, 1, 0, 0, 1293, 894, '2021-08-15 17:43:33', '2021-08-15 17:44:06'),
(13239, '2018-08-18', 2018, 0, 1, 1, 1, 1, 1294, 895, '2021-08-15 17:43:33', '2021-08-15 17:44:06'),
(13240, '2018-08-21', 1967, 0, 1, 1, 0, 0, 1295, 896, '2021-08-15 17:43:33', '2021-08-15 17:44:06'),
(13241, '2018-08-08', 1884, 1, 0, 0, 1, 1, 1296, 897, '2021-08-15 17:43:33', '2021-08-15 17:44:06'),
(13242, '2018-03-08', 2253, 1, 0, 1, 0, 1, 1297, 898, '2021-08-15 17:43:33', '2021-08-15 17:44:06'),
(13243, '2018-08-26', 1969, 1, 0, 1, 0, 1, 1298, 899, '2021-08-15 17:43:33', '2021-08-15 17:44:06'),
(13244, '2018-03-08', 667, 0, 0, 0, 0, 0, 1299, 900, '2021-08-15 17:43:33', '2021-08-15 17:44:06'),
(13245, '2018-03-09', 1584, 0, 0, 0, 0, 1, 1300, 901, '2021-08-15 17:43:33', '2021-08-15 17:44:06'),
(13246, '2018-09-14', 577, 1, 0, 1, 0, 1, 1301, 902, '2021-08-15 17:43:33', '2021-08-15 17:44:06'),
(13247, '2018-09-29', 2441, 0, 0, 1, 0, 0, 1302, 903, '2021-08-15 17:43:33', '2021-08-15 17:44:06'),
(13248, '2018-09-20', 616, 1, 0, 1, 1, 1, 1303, 904, '2021-08-15 17:43:33', '2021-08-15 17:44:06'),
(13249, '2018-12-09', 1801, 1, 1, 0, 1, 0, 1304, 905, '2021-08-15 17:43:33', '2021-08-15 17:44:06'),
(13250, '2018-09-19', 1613, 0, 0, 1, 0, 1, 1305, 906, '2021-08-15 17:43:33', '2021-08-15 17:44:06'),
(13251, '2018-01-09', 1893, 0, 1, 0, 0, 1, 1306, 907, '2021-08-15 17:43:33', '2021-08-15 17:44:06'),
(13252, '2018-09-18', 1280, 0, 1, 1, 1, 1, 1307, 908, '2021-08-15 17:43:33', '2021-08-15 17:44:06'),
(13253, '2018-09-26', 1698, 1, 1, 0, 0, 0, 1308, 909, '2021-08-15 17:43:33', '2021-08-15 17:44:06'),
(13254, '2018-09-24', 578, 0, 1, 0, 0, 1, 1309, 910, '2021-08-15 17:43:33', '2021-08-15 17:44:06'),
(13255, '2018-09-28', 2085, 0, 0, 1, 1, 0, 1310, 911, '2021-08-15 17:43:33', '2021-08-15 17:44:06'),
(13256, '2018-11-09', 1258, 0, 0, 1, 1, 0, 1311, 912, '2021-08-15 17:43:33', '2021-08-15 17:44:06'),
(13257, '2018-01-09', 1150, 1, 1, 1, 1, 0, 1312, 913, '2021-08-15 17:43:33', '2021-08-15 17:44:06'),
(13258, '2018-09-15', 762, 1, 1, 0, 1, 0, 1313, 914, '2021-08-15 17:43:33', '2021-08-15 17:44:06'),
(13259, '2018-02-09', 1418, 0, 0, 0, 0, 0, 1314, 915, '2021-08-15 17:43:33', '2021-08-15 17:44:06'),
(13260, '2018-05-09', 1784, 1, 1, 1, 1, 1, 1315, 916, '2021-08-15 17:43:33', '2021-08-15 17:44:06'),
(13261, '2018-09-16', 1278, 0, 1, 1, 0, 1, 1316, 917, '2021-08-15 17:43:33', '2021-08-15 17:44:06'),
(13262, '2018-12-09', 1312, 0, 1, 1, 0, 1, 1317, 918, '2021-08-15 17:43:33', '2021-08-15 17:44:06'),
(13263, '2018-09-18', 1755, 0, 1, 1, 1, 0, 1318, 919, '2021-08-15 17:43:33', '2021-08-15 17:44:06'),
(13264, '2018-12-09', 954, 1, 1, 0, 0, 0, 1319, 920, '2021-08-15 17:43:33', '2021-08-15 17:44:06'),
(13265, '2018-01-09', 1451, 0, 1, 0, 1, 1, 1320, 921, '2021-08-15 17:43:33', '2021-08-15 17:44:06'),
(13266, '2018-06-09', 2485, 1, 0, 1, 1, 1, 1321, 922, '2021-08-15 17:43:33', '2021-08-15 17:44:06'),
(13267, '2018-08-09', 2380, 0, 1, 1, 0, 1, 1322, 923, '2021-08-15 17:43:33', '2021-08-15 17:44:06'),
(13268, '2018-09-13', 1573, 1, 1, 0, 0, 1, 1323, 924, '2021-08-15 17:43:33', '2021-08-15 17:44:06'),
(13269, '2018-04-09', 2220, 0, 0, 0, 1, 1, 1324, 925, '2021-08-15 17:43:33', '2021-08-15 17:44:06'),
(13270, '2018-09-09', 2070, 0, 1, 1, 1, 0, 1325, 926, '2021-08-15 17:43:33', '2021-08-15 17:44:06'),
(13271, '2018-09-16', 1995, 0, 0, 1, 1, 1, 1326, 927, '2021-08-15 17:43:33', '2021-08-15 17:44:06'),
(13272, '2018-09-29', 578, 0, 0, 0, 0, 1, 1327, 928, '2021-08-15 17:43:33', '2021-08-15 17:44:06'),
(13273, '2018-09-17', 1142, 0, 1, 0, 0, 1, 1328, 929, '2021-08-15 17:43:33', '2021-08-15 17:44:06'),
(13274, '2018-09-27', 2023, 1, 1, 0, 1, 1, 1329, 930, '2021-08-15 17:43:33', '2021-08-15 17:44:06'),
(13275, '2018-09-15', 2391, 0, 1, 1, 0, 0, 1330, 931, '2021-08-15 17:43:33', '2021-08-15 17:44:06'),
(13276, '2018-08-09', 1337, 1, 1, 1, 0, 0, 1331, 932, '2021-08-15 17:43:33', '2021-08-15 17:44:06'),
(13277, '2018-09-16', 2384, 0, 0, 0, 1, 1, 1332, 933, '2021-08-15 17:43:33', '2021-08-15 17:44:06'),
(13278, '2018-09-09', 1782, 0, 1, 0, 0, 0, 1333, 934, '2021-08-15 17:43:33', '2021-08-15 17:44:06'),
(13279, '2018-09-30', 2458, 0, 0, 0, 1, 1, 1334, 935, '2021-08-15 17:43:33', '2021-08-15 17:44:06'),
(13280, '2018-09-27', 1680, 1, 0, 1, 1, 0, 1335, 936, '2021-08-15 17:43:33', '2021-08-15 17:44:06'),
(13281, '2018-05-09', 1528, 0, 0, 0, 0, 0, 1336, 937, '2021-08-15 17:43:33', '2021-08-15 17:44:06'),
(13282, '2018-09-21', 2386, 1, 1, 1, 1, 1, 1337, 938, '2021-08-15 17:43:33', '2021-08-15 17:44:06'),
(13283, '2018-09-23', 531, 0, 0, 0, 1, 0, 1338, 939, '2021-08-15 17:43:33', '2021-08-15 17:44:06'),
(13284, '2018-09-19', 2490, 0, 0, 1, 0, 0, 1339, 940, '2021-08-15 17:43:33', '2021-08-15 17:44:06'),
(13285, '2018-09-22', 1493, 1, 1, 0, 1, 0, 1340, 941, '2021-08-15 17:43:33', '2021-08-15 17:44:06'),
(13286, '2018-09-18', 2195, 1, 1, 0, 0, 1, 1341, 942, '2021-08-15 17:43:33', '2021-08-15 17:44:06'),
(13287, '2018-09-25', 1004, 1, 1, 0, 0, 0, 1342, 943, '2021-08-15 17:43:33', '2021-08-15 17:44:06'),
(13288, '2018-09-21', 698, 1, 0, 0, 1, 0, 1343, 944, '2021-08-15 17:43:33', '2021-08-15 17:44:06'),
(13289, '2018-06-09', 710, 0, 1, 0, 0, 1, 1344, 945, '2021-08-15 17:43:33', '2021-08-15 17:44:06'),
(13290, '2018-09-20', 858, 0, 1, 0, 1, 0, 1345, 946, '2021-08-15 17:43:33', '2021-08-15 17:44:06'),
(13291, '2018-06-09', 892, 1, 0, 0, 1, 1, 1346, 947, '2021-08-15 17:43:33', '2021-08-15 17:44:06'),
(13292, '2018-09-24', 2157, 1, 1, 1, 1, 1, 1347, 948, '2021-08-15 17:43:33', '2021-08-15 17:44:06'),
(13293, '2018-09-17', 1227, 1, 1, 0, 1, 0, 1348, 949, '2021-08-15 17:43:33', '2021-08-15 17:44:06'),
(13294, '2018-04-09', 733, 0, 0, 0, 1, 0, 1349, 950, '2021-08-15 17:43:33', '2021-08-15 17:44:06'),
(13295, '2018-09-29', 1471, 1, 0, 1, 0, 1, 1350, 951, '2021-08-15 17:43:33', '2021-08-15 17:44:06'),
(13296, '2018-09-21', 1546, 0, 1, 0, 1, 1, 1351, 952, '2021-08-15 17:43:33', '2021-08-15 17:44:06'),
(13297, '2018-10-09', 1391, 0, 0, 0, 0, 0, 1352, 953, '2021-08-15 17:43:33', '2021-08-15 17:44:06'),
(13298, '2018-11-09', 1971, 1, 0, 1, 0, 1, 1353, 954, '2021-08-15 17:43:33', '2021-08-15 17:44:06'),
(13299, '2018-09-27', 1609, 0, 1, 1, 1, 1, 1354, 955, '2021-08-15 17:43:33', '2021-08-15 17:44:06'),
(13300, '2018-09-26', 1868, 1, 0, 1, 1, 1, 1355, 956, '2021-08-15 17:43:33', '2021-08-15 17:44:06'),
(13301, '2018-09-14', 2057, 0, 0, 0, 1, 1, 1356, 957, '2021-08-15 17:43:33', '2021-08-15 17:44:06'),
(13302, '2018-12-09', 774, 1, 0, 0, 1, 0, 1357, 958, '2021-08-15 17:43:33', '2021-08-15 17:44:06'),
(13303, '2018-11-09', 1696, 1, 0, 0, 0, 0, 1358, 959, '2021-08-15 17:43:33', '2021-08-15 17:44:06'),
(13304, '2018-05-09', 1794, 0, 0, 0, 0, 1, 1359, 960, '2021-08-15 17:43:33', '2021-08-15 17:44:06'),
(13305, '2018-09-16', 1393, 1, 1, 0, 1, 0, 1360, 961, '2021-08-15 17:43:33', '2021-08-15 17:44:06'),
(13306, '2018-11-09', 2042, 0, 0, 1, 1, 0, 1361, 962, '2021-08-15 17:43:33', '2021-08-15 17:44:06'),
(13307, '2018-09-29', 1497, 0, 0, 0, 0, 1, 1362, 963, '2021-08-15 17:43:33', '2021-08-15 17:44:06'),
(13308, '2018-09-27', 2152, 0, 0, 0, 0, 1, 1363, 964, '2021-08-15 17:43:33', '2021-08-15 17:44:06'),
(13309, '2018-01-09', 643, 1, 0, 0, 1, 1, 1364, 965, '2021-08-15 17:43:33', '2021-08-15 17:44:06'),
(13310, '2018-09-28', 965, 1, 1, 0, 1, 1, 1365, 966, '2021-08-15 17:43:33', '2021-08-15 17:44:06'),
(13311, '2018-07-09', 1177, 1, 1, 1, 0, 1, 1366, 967, '2021-08-15 17:43:33', '2021-08-15 17:44:06'),
(13312, '2018-09-13', 856, 0, 1, 0, 0, 0, 1367, 968, '2021-08-15 17:43:33', '2021-08-15 17:44:06'),
(13313, '2018-12-09', 2473, 0, 1, 1, 0, 1, 1368, 969, '2021-08-15 17:43:33', '2021-08-15 17:44:06'),
(13314, '2018-09-30', 1112, 0, 0, 0, 1, 1, 1369, 970, '2021-08-15 17:43:33', '2021-08-15 17:44:06'),
(13315, '2018-09-18', 1104, 0, 1, 0, 1, 1, 1370, 971, '2021-08-15 17:43:33', '2021-08-15 17:44:06'),
(13316, '2018-04-09', 765, 0, 0, 1, 1, 1, 1371, 972, '2021-08-15 17:43:33', '2021-08-15 17:44:06'),
(13317, '2018-09-25', 2173, 1, 1, 1, 1, 0, 1372, 973, '2021-08-15 17:43:33', '2021-08-15 17:44:06'),
(13318, '2018-09-14', 1897, 1, 0, 1, 1, 0, 1373, 974, '2021-08-15 17:43:33', '2021-08-15 17:44:06'),
(13319, '2018-09-20', 1402, 0, 1, 1, 0, 1, 1374, 975, '2021-08-15 17:43:33', '2021-08-15 17:44:06'),
(13320, '2018-06-09', 1088, 0, 1, 0, 1, 1, 1375, 976, '2021-08-15 17:43:33', '2021-08-15 17:44:06'),
(13321, '2018-07-09', 1890, 0, 1, 0, 0, 1, 1376, 977, '2021-08-15 17:43:33', '2021-08-15 17:44:06'),
(13322, '2018-06-09', 526, 0, 0, 1, 1, 0, 1377, 978, '2021-08-15 17:43:33', '2021-08-15 17:44:06'),
(13323, '2018-06-09', 553, 1, 1, 1, 0, 1, 1378, 979, '2021-08-15 17:43:33', '2021-08-15 17:44:06'),
(13324, '2018-09-14', 1612, 0, 0, 0, 1, 1, 1379, 980, '2021-08-15 17:43:33', '2021-08-15 17:44:06'),
(13325, '2018-01-09', 1892, 1, 1, 0, 0, 0, 1380, 981, '2021-08-15 17:43:33', '2021-08-15 17:44:06'),
(13326, '2018-07-09', 1680, 0, 0, 1, 0, 0, 1381, 982, '2021-08-15 17:43:33', '2021-08-15 17:44:06'),
(13327, '2018-06-09', 999, 0, 1, 0, 1, 1, 1382, 983, '2021-08-15 17:43:33', '2021-08-15 17:44:06'),
(13328, '2018-09-09', 690, 0, 0, 0, 0, 0, 1383, 984, '2021-08-15 17:43:33', '2021-08-15 17:44:06'),
(13329, '2018-05-09', 1015, 1, 0, 0, 1, 0, 1384, 985, '2021-08-15 17:43:33', '2021-08-15 17:44:06'),
(13330, '2018-04-09', 2080, 1, 0, 0, 1, 1, 1385, 986, '2021-08-15 17:43:33', '2021-08-15 17:44:06'),
(13331, '2018-09-16', 1009, 1, 1, 0, 1, 0, 1386, 987, '2021-08-15 17:43:33', '2021-08-15 17:44:06'),
(13332, '2018-09-15', 1616, 1, 0, 0, 1, 1, 1387, 988, '2021-08-15 17:43:33', '2021-08-15 17:44:06'),
(13333, '2018-09-19', 630, 1, 0, 1, 0, 0, 1388, 989, '2021-08-15 17:43:33', '2021-08-15 17:44:06'),
(13334, '2018-09-16', 840, 1, 0, 1, 0, 1, 1389, 990, '2021-08-15 17:43:33', '2021-08-15 17:44:06'),
(13335, '2018-09-14', 2201, 1, 0, 1, 1, 0, 1390, 991, '2021-08-15 17:43:33', '2021-08-15 17:44:06'),
(13336, '2018-10-09', 2354, 0, 1, 1, 1, 1, 1391, 992, '2021-08-15 17:43:33', '2021-08-15 17:44:06'),
(13337, '2018-02-09', 1008, 0, 1, 0, 1, 0, 1392, 993, '2021-08-15 17:43:33', '2021-08-15 17:44:06'),
(13338, '2018-12-09', 1715, 1, 1, 0, 1, 1, 1393, 994, '2021-08-15 17:43:33', '2021-08-15 17:44:06'),
(13339, '2018-09-27', 1496, 1, 0, 0, 1, 1, 1394, 995, '2021-08-15 17:43:33', '2021-08-15 17:44:06'),
(13340, '2018-03-09', 2314, 0, 1, 0, 0, 0, 1395, 996, '2021-08-15 17:43:33', '2021-08-15 17:44:06'),
(13341, '2018-09-29', 758, 1, 0, 1, 0, 0, 1396, 997, '2021-08-15 17:43:33', '2021-08-15 17:44:06'),
(13342, '2018-01-09', 1427, 1, 0, 1, 0, 0, 1397, 998, '2021-08-15 17:43:33', '2021-08-15 17:44:06'),
(13343, '2018-09-22', 1101, 0, 0, 1, 1, 1, 1398, 999, '2021-08-15 17:43:33', '2021-08-15 17:44:06'),
(13344, '2018-06-09', 843, 1, 0, 0, 1, 1, 1399, 1000, '2021-08-15 17:43:33', '2021-08-15 17:44:06');

INSERT INTO `policies` (`id`, `date_of_purchase`, `premium`, `bodily_injury_liability`, `personal_injury_protection`, `property_damage_liability`, `collision`, `comprehensive`, `customer_id`, `vehicle_id`, `createdAt`, `updatedAt`) VALUES
(13345, '2018-09-24', 1977, 0, 0, 1, 1, 1, 1400, 1001, '2021-08-15 17:43:33', '2021-08-15 17:44:06'),
(13346, '2018-09-21', 1569, 1, 0, 1, 1, 0, 1401, 1002, '2021-08-15 17:43:33', '2021-08-15 17:44:06'),
(13347, '2018-09-15', 1533, 1, 1, 0, 0, 0, 1402, 1003, '2021-08-15 17:43:33', '2021-08-15 17:44:06'),
(13348, '2018-09-23', 1147, 1, 1, 1, 1, 1, 1403, 1004, '2021-08-15 17:43:33', '2021-08-15 17:44:06'),
(13349, '2018-04-09', 1413, 1, 0, 1, 1, 0, 1404, 1005, '2021-08-15 17:43:33', '2021-08-15 17:44:06'),
(13350, '2018-05-09', 1362, 0, 0, 1, 0, 0, 1405, 1006, '2021-08-15 17:43:33', '2021-08-15 17:44:06'),
(13351, '2018-09-24', 1900, 0, 0, 0, 0, 0, 1406, 1007, '2021-08-15 17:43:33', '2021-08-15 17:44:06'),
(13352, '2018-04-09', 1791, 0, 1, 0, 0, 0, 1407, 1008, '2021-08-15 17:43:33', '2021-08-15 17:44:06'),
(13353, '2018-09-14', 1593, 1, 0, 0, 1, 1, 1408, 1009, '2021-08-15 17:43:33', '2021-08-15 17:44:06'),
(13354, '2018-02-09', 2115, 0, 1, 1, 1, 1, 1409, 1010, '2021-08-15 17:43:33', '2021-08-15 17:44:06'),
(13355, '2018-06-09', 693, 1, 1, 1, 1, 0, 1410, 1011, '2021-08-15 17:43:33', '2021-08-15 17:44:06'),
(13356, '2018-01-09', 1939, 0, 0, 1, 0, 1, 1411, 1012, '2021-08-15 17:43:33', '2021-08-15 17:44:06'),
(13357, '2018-09-23', 1191, 0, 0, 1, 1, 0, 1412, 1013, '2021-08-15 17:43:33', '2021-08-15 17:44:06'),
(13358, '2018-06-09', 2272, 1, 1, 0, 0, 1, 1413, 1014, '2021-08-15 17:43:33', '2021-08-15 17:44:06'),
(13359, '2018-09-18', 2134, 0, 0, 1, 0, 0, 1414, 1015, '2021-08-15 17:43:33', '2021-08-15 17:44:06'),
(13360, '2018-09-20', 1357, 1, 1, 0, 0, 1, 1415, 1016, '2021-08-15 17:43:33', '2021-08-15 17:44:06'),
(13361, '2018-09-13', 1067, 1, 0, 1, 1, 0, 1416, 1017, '2021-08-15 17:43:33', '2021-08-15 17:44:06'),
(13362, '2018-09-25', 1636, 1, 0, 0, 0, 0, 1417, 1018, '2021-08-15 17:43:33', '2021-08-15 17:44:06'),
(13363, '2018-09-27', 1986, 1, 1, 1, 0, 0, 1418, 1019, '2021-08-15 17:43:33', '2021-08-15 17:44:06'),
(13364, '2018-09-16', 969, 0, 0, 0, 0, 0, 1419, 1020, '2021-08-15 17:43:33', '2021-08-15 17:44:06'),
(13365, '2018-09-30', 789, 0, 1, 1, 0, 0, 1420, 1021, '2021-08-15 17:43:33', '2021-08-15 17:44:06'),
(13366, '2018-09-26', 1116, 1, 0, 1, 1, 0, 1421, 1022, '2021-08-15 17:43:33', '2021-08-15 17:44:06'),
(13367, '2018-09-25', 1195, 0, 1, 1, 1, 0, 1422, 1023, '2021-08-15 17:43:33', '2021-08-15 17:44:06'),
(13368, '2018-09-28', 1180, 0, 1, 1, 0, 0, 1423, 1024, '2021-08-15 17:43:33', '2021-08-15 17:44:06'),
(13369, '2018-09-22', 696, 1, 0, 0, 0, 1, 1424, 1025, '2021-08-15 17:43:33', '2021-08-15 17:44:06'),
(13370, '2018-10-09', 1105, 1, 1, 1, 0, 1, 1425, 1026, '2021-08-15 17:43:33', '2021-08-15 17:44:06'),
(13371, '2018-10-16', 1007, 0, 1, 0, 0, 1, 1426, 1027, '2021-08-15 17:43:33', '2021-08-15 17:44:06'),
(13372, '2018-10-29', 585, 1, 0, 0, 0, 1, 1427, 1028, '2021-08-15 17:43:33', '2021-08-15 17:44:06'),
(13373, '2018-10-30', 1384, 1, 0, 0, 1, 0, 1428, 1029, '2021-08-15 17:43:33', '2021-08-15 17:44:06'),
(13374, '2018-10-30', 519, 1, 0, 0, 1, 1, 1429, 1030, '2021-08-15 17:43:33', '2021-08-15 17:44:06'),
(13375, '2018-11-10', 1013, 1, 0, 0, 0, 1, 1430, 1031, '2021-08-15 17:43:33', '2021-08-15 17:44:06'),
(13376, '2018-05-10', 695, 0, 1, 1, 1, 0, 1431, 1032, '2021-08-15 17:43:33', '2021-08-15 17:44:06'),
(13377, '2018-10-28', 1184, 0, 0, 0, 1, 1, 1432, 1033, '2021-08-15 17:43:33', '2021-08-15 17:44:06'),
(13378, '2018-10-30', 673, 1, 0, 0, 1, 0, 1433, 1034, '2021-08-15 17:43:33', '2021-08-15 17:44:06'),
(13379, '2018-10-16', 2097, 0, 0, 0, 0, 1, 1434, 1035, '2021-08-15 17:43:33', '2021-08-15 17:44:06'),
(13380, '2018-10-20', 2105, 0, 0, 0, 0, 1, 1435, 1036, '2021-08-15 17:43:33', '2021-08-15 17:44:06'),
(13381, '2018-01-10', 555, 1, 0, 1, 1, 0, 1436, 1037, '2021-08-15 17:43:33', '2021-08-15 17:44:06'),
(13382, '2018-10-16', 558, 1, 1, 1, 0, 1, 1437, 1038, '2021-08-15 17:43:33', '2021-08-15 17:44:06'),
(13383, '2018-10-23', 640, 1, 1, 0, 0, 1, 1438, 1039, '2021-08-15 17:43:33', '2021-08-15 17:44:06'),
(13384, '2018-10-20', 2012, 0, 0, 0, 1, 0, 1439, 1040, '2021-08-15 17:43:33', '2021-08-15 17:44:06'),
(13385, '2018-10-16', 914, 0, 1, 1, 0, 1, 1440, 1041, '2021-08-15 17:43:33', '2021-08-15 17:44:06'),
(13386, '2018-08-10', 1479, 1, 1, 1, 0, 0, 1441, 1042, '2021-08-15 17:43:33', '2021-08-15 17:44:06'),
(13387, '2018-10-30', 2122, 0, 0, 0, 1, 0, 1442, 1043, '2021-08-15 17:43:33', '2021-08-15 17:44:06'),
(13388, '2018-10-16', 948, 1, 1, 0, 1, 1, 1443, 1044, '2021-08-15 17:43:33', '2021-08-15 17:44:06'),
(13389, '2018-10-26', 2371, 1, 0, 1, 1, 0, 1444, 1045, '2021-08-15 17:43:33', '2021-08-15 17:44:06'),
(13390, '2018-06-10', 542, 1, 0, 1, 1, 0, 1445, 1046, '2021-08-15 17:43:33', '2021-08-15 17:44:06'),
(13391, '2018-03-10', 2145, 1, 0, 1, 0, 0, 1446, 1047, '2021-08-15 17:43:33', '2021-08-15 17:44:06'),
(13392, '2018-06-10', 1675, 1, 1, 0, 0, 1, 1447, 1048, '2021-08-15 17:43:33', '2021-08-15 17:44:06'),
(13393, '2018-10-23', 825, 1, 1, 0, 0, 0, 1448, 1049, '2021-08-15 17:43:33', '2021-08-15 17:44:06'),
(13394, '2018-10-24', 2018, 1, 1, 0, 0, 0, 1449, 1050, '2021-08-15 17:43:33', '2021-08-15 17:44:06'),
(13395, '2018-12-10', 1352, 0, 1, 0, 1, 1, 1450, 1051, '2021-08-15 17:43:33', '2021-08-15 17:44:06'),
(13396, '2018-10-21', 1433, 1, 1, 1, 0, 0, 1451, 1052, '2021-08-15 17:43:33', '2021-08-15 17:44:06'),
(13397, '2018-03-10', 1866, 1, 1, 1, 1, 0, 1452, 1053, '2021-08-15 17:43:33', '2021-08-15 17:44:06'),
(13398, '2018-10-24', 1772, 0, 0, 1, 0, 0, 1453, 1054, '2021-08-15 17:43:33', '2021-08-15 17:44:06'),
(13399, '2018-10-29', 1428, 0, 1, 1, 1, 1, 1454, 1055, '2021-08-15 17:43:33', '2021-08-15 17:44:06'),
(13400, '2018-10-16', 1773, 0, 0, 1, 0, 1, 1455, 1056, '2021-08-15 17:43:33', '2021-08-15 17:44:06'),
(13401, '2018-10-30', 1951, 0, 0, 0, 0, 0, 1456, 1057, '2021-08-15 17:43:33', '2021-08-15 17:44:06'),
(13402, '2018-10-10', 670, 0, 0, 1, 0, 0, 1457, 1058, '2021-08-15 17:43:33', '2021-08-15 17:44:06'),
(13403, '2018-10-29', 965, 1, 1, 0, 0, 0, 1458, 1059, '2021-08-15 17:43:33', '2021-08-15 17:44:06'),
(13404, '2018-10-29', 1780, 0, 1, 0, 1, 0, 1459, 1060, '2021-08-15 17:43:33', '2021-08-15 17:44:06'),
(13405, '2018-12-10', 782, 0, 0, 0, 0, 1, 1460, 1061, '2021-08-15 17:43:33', '2021-08-15 17:44:06'),
(13406, '2018-10-10', 2200, 1, 1, 0, 0, 1, 1461, 1062, '2021-08-15 17:43:33', '2021-08-15 17:44:06'),
(13407, '2018-10-24', 2424, 1, 1, 1, 0, 0, 1462, 1063, '2021-08-15 17:43:33', '2021-08-15 17:44:06'),
(13408, '2018-02-10', 2104, 1, 0, 0, 1, 1, 1463, 1064, '2021-08-15 17:43:33', '2021-08-15 17:44:06'),
(13409, '2018-07-10', 852, 1, 1, 1, 1, 0, 1464, 1065, '2021-08-15 17:43:33', '2021-08-15 17:44:06'),
(13410, '2018-10-26', 2126, 0, 1, 1, 0, 1, 1465, 1066, '2021-08-15 17:43:33', '2021-08-15 17:44:06'),
(13411, '2018-06-10', 2396, 1, 1, 0, 1, 0, 1466, 1067, '2021-08-15 17:43:33', '2021-08-15 17:44:06'),
(13412, '2018-10-16', 1658, 1, 0, 1, 1, 1, 1467, 1068, '2021-08-15 17:43:33', '2021-08-15 17:44:06'),
(13413, '2018-04-10', 2264, 1, 0, 1, 1, 1, 1468, 1069, '2021-08-15 17:43:33', '2021-08-15 17:44:06'),
(13414, '2018-10-19', 2393, 1, 1, 1, 0, 0, 1469, 1070, '2021-08-15 17:43:33', '2021-08-15 17:44:06'),
(13415, '2018-10-19', 586, 1, 1, 1, 1, 1, 1470, 1071, '2021-08-15 17:43:33', '2021-08-15 17:44:06'),
(13416, '2018-10-20', 874, 1, 0, 1, 0, 0, 1471, 1072, '2021-08-15 17:43:33', '2021-08-15 17:44:06'),
(13417, '2018-05-10', 944, 1, 1, 1, 1, 0, 1472, 1073, '2021-08-15 17:43:33', '2021-08-15 17:44:06'),
(13418, '2018-01-10', 1279, 1, 1, 0, 0, 1, 1473, 1074, '2021-08-15 17:43:33', '2021-08-15 17:44:06'),
(13419, '2018-01-10', 2074, 0, 0, 1, 1, 0, 1474, 1075, '2021-08-15 17:43:33', '2021-08-15 17:44:06'),
(13420, '2018-10-27', 1706, 0, 1, 1, 1, 0, 1475, 1076, '2021-08-15 17:43:33', '2021-08-15 17:44:06'),
(13421, '2018-10-22', 1179, 0, 0, 1, 0, 0, 1476, 1077, '2021-08-15 17:43:33', '2021-08-15 17:44:06'),
(13422, '2018-04-10', 1571, 1, 1, 0, 1, 1, 1477, 1078, '2021-08-15 17:43:33', '2021-08-15 17:44:06'),
(13423, '2018-10-10', 1465, 1, 1, 1, 1, 1, 1478, 1079, '2021-08-15 17:43:33', '2021-08-15 17:44:06'),
(13424, '2018-06-10', 1557, 0, 1, 1, 1, 1, 1479, 1080, '2021-08-15 17:43:33', '2021-08-15 17:44:06'),
(13425, '2018-02-10', 832, 1, 0, 1, 1, 0, 1480, 1081, '2021-08-15 17:43:33', '2021-08-15 17:44:06'),
(13426, '2018-04-10', 1146, 0, 0, 0, 0, 1, 1481, 1082, '2021-08-15 17:43:33', '2021-08-15 17:44:06'),
(13427, '2018-10-16', 1577, 1, 0, 0, 1, 0, 1482, 1083, '2021-08-15 17:43:33', '2021-08-15 17:44:06'),
(13428, '2018-10-30', 2356, 1, 1, 1, 1, 0, 1483, 1084, '2021-08-15 17:43:33', '2021-08-15 17:44:06'),
(13429, '2018-10-29', 1437, 0, 0, 0, 1, 0, 1484, 1085, '2021-08-15 17:43:33', '2021-08-15 17:44:06'),
(13430, '2018-10-24', 2436, 1, 1, 1, 1, 0, 1485, 1086, '2021-08-15 17:43:33', '2021-08-15 17:44:06'),
(13431, '2018-10-24', 1427, 0, 1, 0, 1, 0, 1486, 1087, '2021-08-15 17:43:33', '2021-08-15 17:44:06'),
(13432, '2018-11-10', 1949, 0, 0, 1, 1, 1, 1487, 1088, '2021-08-15 17:43:33', '2021-08-15 17:44:06'),
(13433, '2018-01-10', 1875, 1, 0, 0, 0, 0, 1488, 1089, '2021-08-15 17:43:33', '2021-08-15 17:44:06'),
(13434, '2018-06-10', 2167, 1, 1, 1, 1, 0, 1489, 1090, '2021-08-15 17:43:33', '2021-08-15 17:44:06'),
(13435, '2018-10-22', 1170, 1, 0, 1, 0, 0, 1490, 1091, '2021-08-15 17:43:33', '2021-08-15 17:44:06'),
(13436, '2018-12-10', 684, 1, 1, 0, 1, 0, 1491, 1092, '2021-08-15 17:43:33', '2021-08-15 17:44:06'),
(13437, '2018-10-26', 2148, 0, 1, 0, 1, 0, 1492, 1093, '2021-08-15 17:43:33', '2021-08-15 17:44:06'),
(13438, '2018-10-22', 635, 1, 1, 0, 1, 1, 1493, 1094, '2021-08-15 17:43:33', '2021-08-15 17:44:06'),
(13439, '2018-10-18', 925, 1, 0, 1, 1, 0, 1494, 1095, '2021-08-15 17:43:33', '2021-08-15 17:44:06'),
(13440, '2018-10-27', 709, 1, 1, 0, 1, 1, 1495, 1096, '2021-08-15 17:43:33', '2021-08-15 17:44:06'),
(13441, '2018-10-26', 2075, 0, 0, 1, 1, 0, 1496, 1097, '2021-08-15 17:43:33', '2021-08-15 17:44:06'),
(13442, '2018-10-30', 602, 1, 1, 1, 1, 0, 1497, 1098, '2021-08-15 17:43:33', '2021-08-15 17:44:06'),
(13443, '2018-10-21', 2130, 1, 0, 0, 0, 1, 1498, 1099, '2021-08-15 17:43:33', '2021-08-15 17:44:06'),
(13444, '2018-10-17', 1959, 1, 1, 1, 0, 0, 1499, 1100, '2021-08-15 17:43:33', '2021-08-15 17:44:06'),
(13445, '2018-10-23', 780, 0, 1, 1, 0, 0, 1500, 1101, '2021-08-15 17:43:33', '2021-08-15 17:44:06'),
(13446, '2018-10-30', 2126, 0, 1, 1, 1, 0, 1501, 1102, '2021-08-15 17:43:33', '2021-08-15 17:44:06'),
(13447, '2018-04-10', 1768, 1, 0, 0, 0, 1, 1502, 1103, '2021-08-15 17:43:33', '2021-08-15 17:44:06'),
(13448, '2018-10-10', 1637, 0, 0, 0, 1, 1, 1503, 1104, '2021-08-15 17:43:33', '2021-08-15 17:44:06'),
(13449, '2018-10-28', 1889, 0, 1, 0, 1, 1, 1504, 1105, '2021-08-15 17:43:33', '2021-08-15 17:44:06'),
(13450, '2018-11-10', 2146, 1, 0, 1, 1, 1, 1505, 1106, '2021-08-15 17:43:33', '2021-08-15 17:44:06'),
(13451, '2018-03-10', 1355, 1, 0, 0, 1, 0, 1506, 1107, '2021-08-15 17:43:33', '2021-08-15 17:44:06'),
(13452, '2018-10-15', 1082, 0, 1, 0, 1, 1, 1507, 1108, '2021-08-15 17:43:33', '2021-08-15 17:44:06'),
(13453, '2018-10-29', 2394, 0, 1, 1, 1, 0, 1508, 1109, '2021-08-15 17:43:33', '2021-08-15 17:44:06'),
(13454, '2018-10-17', 926, 1, 1, 1, 1, 1, 1509, 1110, '2021-08-15 17:43:33', '2021-08-15 17:44:06'),
(13455, '2018-10-24', 892, 0, 1, 1, 0, 1, 1510, 1111, '2021-08-15 17:43:33', '2021-08-15 17:44:06'),
(13456, '2018-02-10', 994, 0, 0, 1, 1, 0, 1511, 1112, '2021-08-15 17:43:33', '2021-08-15 17:44:06'),
(13457, '2018-02-10', 2260, 0, 1, 1, 0, 0, 1512, 1113, '2021-08-15 17:43:33', '2021-08-15 17:44:06'),
(13458, '2018-08-10', 1149, 1, 1, 0, 1, 1, 1513, 1114, '2021-08-15 17:43:33', '2021-08-15 17:44:06'),
(13459, '2018-03-10', 2283, 1, 0, 1, 0, 0, 1514, 1115, '2021-08-15 17:43:33', '2021-08-15 17:44:06'),
(13460, '2018-10-16', 1663, 0, 1, 1, 0, 1, 1515, 1116, '2021-08-15 17:43:33', '2021-08-15 17:44:06'),
(13461, '2018-10-24', 2197, 1, 1, 1, 0, 1, 1516, 1117, '2021-08-15 17:43:33', '2021-08-15 17:44:06'),
(13462, '2018-05-10', 1669, 0, 0, 1, 0, 1, 1517, 1118, '2021-08-15 17:43:33', '2021-08-15 17:44:06'),
(13463, '2018-10-25', 1547, 0, 0, 0, 1, 0, 1518, 1119, '2021-08-15 17:43:33', '2021-08-15 17:44:06'),
(13464, '2018-12-10', 899, 0, 0, 1, 0, 0, 1519, 1120, '2021-08-15 17:43:33', '2021-08-15 17:44:06'),
(13465, '2018-10-18', 2439, 0, 1, 1, 0, 1, 1520, 1121, '2021-08-15 17:43:33', '2021-08-15 17:44:06'),
(13466, '2018-07-11', 1867, 0, 1, 0, 0, 1, 1521, 1122, '2021-08-15 17:43:33', '2021-08-15 17:44:06'),
(13467, '2018-03-11', 898, 1, 1, 1, 0, 0, 1522, 1123, '2021-08-15 17:43:33', '2021-08-15 17:44:06'),
(13468, '2018-10-11', 962, 1, 1, 0, 1, 0, 1523, 1124, '2021-08-15 17:43:33', '2021-08-15 17:44:06'),
(13469, '2018-11-18', 1875, 1, 1, 0, 1, 0, 1524, 1125, '2021-08-15 17:43:33', '2021-08-15 17:44:06'),
(13470, '2018-11-28', 1157, 0, 0, 1, 1, 0, 1525, 1126, '2021-08-15 17:43:33', '2021-08-15 17:44:06'),
(13471, '2018-01-11', 2376, 0, 1, 0, 0, 1, 1526, 1127, '2021-08-15 17:43:33', '2021-08-15 17:44:06'),
(13472, '2018-11-22', 1523, 1, 0, 1, 1, 0, 1527, 1128, '2021-08-15 17:43:33', '2021-08-15 17:44:06'),
(13473, '2018-11-17', 1850, 1, 0, 0, 1, 0, 1528, 1129, '2021-08-15 17:43:33', '2021-08-15 17:44:06'),
(13474, '2018-11-24', 1828, 1, 1, 0, 1, 1, 1529, 1130, '2021-08-15 17:43:33', '2021-08-15 17:44:06'),
(13475, '2018-02-11', 1140, 0, 0, 0, 1, 0, 1530, 1131, '2021-08-15 17:43:33', '2021-08-15 17:44:06'),
(13476, '2018-11-14', 1208, 1, 0, 1, 1, 0, 1531, 1132, '2021-08-15 17:43:33', '2021-08-15 17:44:06'),
(13477, '2018-11-30', 1716, 0, 0, 1, 1, 0, 1532, 1133, '2021-08-15 17:43:33', '2021-08-15 17:44:06'),
(13478, '2018-11-21', 731, 0, 1, 0, 0, 1, 1533, 1134, '2021-08-15 17:43:33', '2021-08-15 17:44:06'),
(13479, '2018-11-16', 1128, 1, 1, 0, 0, 1, 1534, 1135, '2021-08-15 17:43:33', '2021-08-15 17:44:06'),
(13480, '2018-11-27', 1541, 1, 0, 0, 0, 1, 1535, 1136, '2021-08-15 17:43:33', '2021-08-15 17:44:06'),
(13481, '2018-02-11', 2498, 0, 1, 0, 1, 0, 1536, 1137, '2021-08-15 17:43:33', '2021-08-15 17:44:06'),
(13482, '2018-11-13', 2125, 0, 0, 1, 1, 1, 1537, 1138, '2021-08-15 17:43:33', '2021-08-15 17:44:06'),
(13483, '2018-11-27', 2130, 0, 0, 1, 1, 0, 1538, 1139, '2021-08-15 17:43:33', '2021-08-15 17:44:06'),
(13484, '2018-11-19', 863, 1, 1, 0, 1, 1, 1539, 1140, '2021-08-15 17:43:33', '2021-08-15 17:44:06'),
(13485, '2018-11-13', 1635, 1, 1, 1, 0, 0, 1540, 1141, '2021-08-15 17:43:33', '2021-08-15 17:44:06'),
(13486, '2018-11-20', 1403, 1, 0, 0, 0, 0, 1541, 1142, '2021-08-15 17:43:33', '2021-08-15 17:44:06'),
(13487, '2018-11-23', 2470, 0, 1, 1, 1, 1, 1542, 1143, '2021-08-15 17:43:33', '2021-08-15 17:44:06'),
(13488, '2018-11-15', 822, 1, 1, 1, 0, 1, 1543, 1144, '2021-08-15 17:43:33', '2021-08-15 17:44:06'),
(13489, '2018-03-11', 2054, 0, 1, 1, 0, 1, 1544, 1145, '2021-08-15 17:43:33', '2021-08-15 17:44:06'),
(13490, '2018-11-24', 2322, 0, 1, 0, 0, 0, 1545, 1146, '2021-08-15 17:43:33', '2021-08-15 17:44:06'),
(13491, '2018-11-29', 950, 1, 1, 1, 1, 1, 1546, 1147, '2021-08-15 17:43:33', '2021-08-15 17:44:06'),
(13492, '2018-06-11', 2026, 0, 1, 0, 0, 1, 1547, 1148, '2021-08-15 17:43:33', '2021-08-15 17:44:06'),
(13493, '2018-11-26', 2000, 0, 1, 1, 0, 1, 1548, 1149, '2021-08-15 17:43:33', '2021-08-15 17:44:06'),
(13494, '2018-11-23', 935, 0, 0, 1, 1, 0, 1549, 1150, '2021-08-15 17:43:33', '2021-08-15 17:44:06'),
(13495, '2018-11-21', 1506, 0, 1, 1, 1, 1, 1550, 1151, '2021-08-15 17:43:33', '2021-08-15 17:44:06'),
(13496, '2018-04-11', 520, 0, 1, 0, 0, 1, 1551, 1152, '2021-08-15 17:43:33', '2021-08-15 17:44:06'),
(13497, '2018-12-11', 759, 1, 0, 0, 0, 1, 1552, 1153, '2021-08-15 17:43:33', '2021-08-15 17:44:06'),
(13498, '2018-11-18', 2338, 0, 1, 1, 1, 0, 1553, 1154, '2021-08-15 17:43:33', '2021-08-15 17:44:06'),
(13499, '2018-11-13', 1957, 1, 1, 1, 0, 0, 1554, 1155, '2021-08-15 17:43:33', '2021-08-15 17:44:06'),
(13500, '2018-04-11', 2201, 1, 1, 0, 1, 1, 1555, 1156, '2021-08-15 17:43:33', '2021-08-15 17:44:06'),
(13501, '2018-11-16', 1021, 1, 0, 1, 1, 1, 1556, 1157, '2021-08-15 17:43:33', '2021-08-15 17:44:06'),
(13502, '2018-06-11', 1738, 0, 0, 0, 1, 0, 1557, 1158, '2021-08-15 17:43:33', '2021-08-15 17:44:06'),
(13503, '2018-11-23', 629, 1, 1, 0, 0, 1, 1558, 1159, '2021-08-15 17:43:33', '2021-08-15 17:44:06'),
(13504, '2018-03-11', 714, 1, 1, 1, 0, 0, 1559, 1160, '2021-08-15 17:43:33', '2021-08-15 17:44:06'),
(13505, '2018-11-22', 1461, 0, 0, 0, 1, 0, 1560, 1161, '2021-08-15 17:43:33', '2021-08-15 17:44:06'),
(13506, '2018-11-26', 2477, 1, 1, 1, 0, 1, 1561, 1162, '2021-08-15 17:43:33', '2021-08-15 17:44:06'),
(13507, '2018-06-11', 1275, 1, 0, 1, 0, 0, 1562, 1163, '2021-08-15 17:43:33', '2021-08-15 17:44:06'),
(13508, '2018-11-15', 1937, 1, 1, 1, 0, 0, 1563, 1164, '2021-08-15 17:43:33', '2021-08-15 17:44:06'),
(13509, '2018-11-22', 1961, 0, 0, 0, 1, 0, 1564, 1165, '2021-08-15 17:43:33', '2021-08-15 17:44:06'),
(13510, '2018-01-11', 2482, 1, 0, 1, 1, 0, 1565, 1166, '2021-08-15 17:43:33', '2021-08-15 17:44:06'),
(13511, '2018-03-11', 2128, 1, 0, 1, 0, 1, 1566, 1167, '2021-08-15 17:43:33', '2021-08-15 17:44:06'),
(13512, '2018-01-11', 1981, 0, 1, 0, 1, 0, 1567, 1168, '2021-08-15 17:43:33', '2021-08-15 17:44:06'),
(13513, '2018-10-11', 1564, 1, 0, 0, 1, 1, 1568, 1169, '2021-08-15 17:43:33', '2021-08-15 17:44:06'),
(13514, '2018-04-11', 2380, 1, 0, 1, 0, 1, 1569, 1170, '2021-08-15 17:43:33', '2021-08-15 17:44:06'),
(13515, '2018-11-13', 867, 1, 1, 1, 1, 0, 1570, 1171, '2021-08-15 17:43:33', '2021-08-15 17:44:06'),
(13516, '2018-11-27', 698, 0, 1, 0, 0, 1, 1571, 1172, '2021-08-15 17:43:33', '2021-08-15 17:44:06'),
(13517, '2018-08-11', 1548, 0, 1, 1, 0, 0, 1572, 1173, '2021-08-15 17:43:33', '2021-08-15 17:44:06'),
(13518, '2018-10-11', 2083, 0, 1, 0, 0, 1, 1573, 1174, '2021-08-15 17:43:33', '2021-08-15 17:44:06'),
(13519, '2018-11-25', 757, 1, 1, 0, 0, 0, 1574, 1175, '2021-08-15 17:43:33', '2021-08-15 17:44:06'),
(13520, '2018-08-11', 754, 1, 1, 1, 0, 1, 1575, 1176, '2021-08-15 17:43:33', '2021-08-15 17:44:06'),
(13521, '2018-03-11', 2449, 0, 1, 0, 0, 1, 1576, 1177, '2021-08-15 17:43:33', '2021-08-15 17:44:06'),
(13522, '2018-11-29', 600, 0, 1, 0, 1, 0, 1577, 1178, '2021-08-15 17:43:33', '2021-08-15 17:44:06'),
(13523, '2018-11-29', 974, 0, 1, 0, 0, 0, 1578, 1179, '2021-08-15 17:43:33', '2021-08-15 17:44:06'),
(13524, '2018-11-29', 1370, 1, 1, 1, 0, 0, 1579, 1180, '2021-08-15 17:43:33', '2021-08-15 17:44:06'),
(13525, '2018-06-11', 1348, 1, 0, 1, 0, 0, 1580, 1181, '2021-08-15 17:43:33', '2021-08-15 17:44:06'),
(13526, '2018-11-11', 834, 1, 1, 1, 0, 0, 1581, 1182, '2021-08-15 17:43:33', '2021-08-15 17:44:06'),
(13527, '2018-03-11', 2464, 0, 0, 1, 0, 1, 1582, 1183, '2021-08-15 17:43:33', '2021-08-15 17:44:06'),
(13528, '2018-01-11', 546, 1, 0, 1, 0, 0, 1583, 1184, '2021-08-15 17:43:33', '2021-08-15 17:44:06'),
(13529, '2018-11-24', 676, 1, 0, 0, 1, 1, 1584, 1185, '2021-08-15 17:43:33', '2021-08-15 17:44:06'),
(13530, '2018-02-11', 1487, 1, 0, 0, 1, 0, 1585, 1186, '2021-08-15 17:43:33', '2021-08-15 17:44:06'),
(13531, '2018-01-11', 2296, 0, 0, 0, 0, 1, 1586, 1187, '2021-08-15 17:43:33', '2021-08-15 17:44:06'),
(13532, '2018-11-19', 2365, 0, 0, 1, 0, 0, 1587, 1188, '2021-08-15 17:43:33', '2021-08-15 17:44:06'),
(13533, '2018-10-11', 831, 0, 1, 0, 0, 1, 1588, 1189, '2021-08-15 17:43:33', '2021-08-15 17:44:06'),
(13534, '2018-12-11', 2295, 1, 0, 1, 1, 0, 1589, 1190, '2021-08-15 17:43:33', '2021-08-15 17:44:06'),
(13535, '2018-02-11', 1709, 1, 1, 1, 1, 0, 1590, 1191, '2021-08-15 17:43:33', '2021-08-15 17:44:06'),
(13536, '2018-11-18', 2464, 1, 0, 1, 1, 1, 1591, 1192, '2021-08-15 17:43:33', '2021-08-15 17:44:06'),
(13537, '2018-11-21', 1827, 1, 0, 1, 1, 1, 1592, 1193, '2021-08-15 17:43:33', '2021-08-15 17:44:06'),
(13538, '2018-06-11', 1284, 1, 1, 0, 0, 0, 1593, 1194, '2021-08-15 17:43:33', '2021-08-15 17:44:06'),
(13539, '2018-03-11', 1936, 1, 0, 1, 0, 0, 1594, 1195, '2021-08-15 17:43:33', '2021-08-15 17:44:06'),
(13540, '2018-11-20', 1331, 1, 0, 0, 1, 0, 1595, 1196, '2021-08-15 17:43:33', '2021-08-15 17:44:06'),
(13541, '2018-04-11', 2221, 0, 0, 0, 0, 1, 1596, 1197, '2021-08-15 17:43:33', '2021-08-15 17:44:06'),
(13542, '2018-02-11', 1034, 0, 1, 0, 0, 1, 1597, 1198, '2021-08-15 17:43:33', '2021-08-15 17:44:06'),
(13543, '2018-08-11', 637, 0, 0, 1, 1, 0, 1598, 1199, '2021-08-15 17:43:33', '2021-08-15 17:44:06'),
(13544, '2018-10-11', 1579, 1, 0, 1, 1, 1, 1599, 1200, '2021-08-15 17:43:33', '2021-08-15 17:44:06');

INSERT INTO `regions` (`id`, `region`) VALUES
(1, 'North'),
(2, 'South'),
(3, 'East'),
(4, 'West');

INSERT INTO `vehicle_segments` (`id`, `segment`) VALUES
(1, 'A'),
(2, 'B'),
(3, 'C');

INSERT INTO `vehicles` (`id`, `fuel_id`, `segment_id`) VALUES
(1, 1, 1),
(2, 1, 1),
(3, 1, 1),
(4, 1, 1),
(5, 1, 1),
(6, 1, 1),
(7, 1, 1),
(8, 1, 1),
(9, 1, 1),
(10, 1, 1),
(11, 1, 1),
(12, 1, 1),
(13, 1, 1),
(14, 1, 1),
(15, 1, 1),
(16, 1, 1),
(17, 1, 1),
(18, 1, 1),
(19, 1, 1),
(20, 1, 1),
(21, 1, 1),
(22, 1, 1),
(23, 1, 1),
(24, 1, 1),
(25, 1, 1),
(26, 1, 1),
(27, 1, 1),
(28, 1, 1),
(29, 1, 1),
(30, 1, 1),
(31, 1, 1),
(32, 1, 1),
(33, 1, 1),
(34, 1, 1),
(35, 1, 1),
(36, 1, 1),
(37, 1, 1),
(38, 1, 1),
(39, 1, 1),
(40, 1, 1),
(41, 1, 1),
(42, 1, 1),
(43, 1, 1),
(44, 1, 1),
(45, 1, 1),
(46, 1, 1),
(47, 1, 1),
(48, 1, 1),
(49, 1, 1),
(50, 1, 1),
(51, 1, 1),
(52, 1, 1),
(53, 1, 1),
(54, 1, 1),
(55, 1, 1),
(56, 1, 1),
(57, 1, 1),
(58, 1, 1),
(59, 1, 1),
(60, 1, 1),
(61, 1, 1),
(62, 1, 1),
(63, 1, 1),
(64, 1, 1),
(65, 1, 1),
(66, 1, 1),
(67, 1, 1),
(68, 1, 1),
(69, 1, 1),
(70, 1, 1),
(71, 1, 1),
(72, 1, 1),
(73, 1, 1),
(74, 1, 1),
(75, 1, 1),
(76, 1, 1),
(77, 1, 1),
(78, 1, 1),
(79, 1, 1),
(80, 1, 1),
(81, 1, 1),
(82, 1, 1),
(83, 1, 1),
(84, 1, 1),
(85, 1, 1),
(86, 1, 1),
(87, 1, 1),
(88, 1, 1),
(89, 1, 1),
(90, 1, 1),
(91, 1, 1),
(92, 1, 1),
(93, 1, 1),
(94, 1, 1),
(95, 1, 1),
(96, 1, 1),
(97, 1, 1),
(98, 1, 1),
(99, 1, 1),
(100, 1, 1),
(101, 1, 1),
(102, 1, 1),
(103, 1, 1),
(104, 1, 1),
(105, 1, 1),
(106, 1, 1),
(107, 1, 1),
(108, 1, 1),
(109, 1, 1),
(110, 1, 1),
(111, 1, 1),
(112, 1, 1),
(113, 1, 1),
(114, 1, 1),
(115, 1, 1),
(116, 1, 1),
(117, 1, 1),
(118, 1, 1),
(119, 1, 1),
(120, 1, 1),
(121, 1, 1),
(122, 1, 1),
(123, 1, 1),
(124, 1, 1),
(125, 1, 1),
(126, 1, 1),
(127, 1, 1),
(128, 1, 1),
(129, 1, 1),
(130, 1, 1),
(131, 1, 1),
(132, 1, 1),
(133, 1, 1),
(134, 1, 1),
(135, 1, 1),
(136, 1, 1),
(137, 1, 1),
(138, 1, 1),
(139, 1, 1),
(140, 1, 1),
(141, 1, 1),
(142, 1, 1),
(143, 1, 1),
(144, 1, 1),
(145, 1, 1),
(146, 1, 1),
(147, 1, 1),
(148, 1, 1),
(149, 1, 1),
(150, 1, 1),
(151, 1, 1),
(152, 1, 1),
(153, 1, 1),
(154, 1, 1),
(155, 1, 1),
(156, 1, 1),
(157, 1, 1),
(158, 1, 1),
(159, 1, 1),
(160, 1, 1),
(161, 1, 1),
(162, 1, 1),
(163, 1, 1),
(164, 1, 1),
(165, 1, 1),
(166, 1, 1),
(167, 1, 1),
(168, 1, 1),
(169, 1, 1),
(170, 1, 1),
(171, 1, 1),
(172, 1, 1),
(173, 1, 1),
(174, 1, 1),
(175, 1, 1),
(176, 1, 1),
(177, 1, 1),
(178, 1, 1),
(179, 1, 1),
(180, 1, 1),
(181, 1, 1),
(182, 1, 1),
(183, 1, 1),
(184, 1, 1),
(185, 1, 1),
(186, 1, 1),
(187, 1, 1),
(188, 1, 1),
(189, 1, 1),
(190, 1, 1),
(191, 1, 1),
(192, 1, 1),
(193, 1, 1),
(194, 1, 1),
(195, 1, 1),
(196, 1, 1),
(197, 1, 1),
(198, 1, 1),
(199, 1, 1),
(200, 1, 1),
(201, 1, 1),
(202, 1, 1),
(203, 1, 1),
(204, 1, 1),
(205, 1, 1),
(206, 1, 1),
(207, 1, 1),
(208, 1, 1),
(209, 1, 1),
(210, 1, 1),
(211, 1, 1),
(212, 1, 1),
(213, 1, 1),
(214, 1, 1),
(215, 1, 1),
(216, 1, 1),
(217, 1, 1),
(218, 1, 1),
(219, 1, 1),
(220, 1, 1),
(221, 1, 1),
(222, 1, 1),
(223, 1, 1),
(224, 1, 1),
(225, 1, 1),
(226, 1, 1),
(227, 1, 1),
(228, 1, 1),
(229, 1, 1),
(230, 1, 1),
(231, 1, 1),
(232, 1, 1),
(233, 1, 1),
(234, 1, 1),
(235, 1, 1),
(236, 1, 1),
(237, 1, 1),
(238, 1, 1),
(239, 1, 1),
(240, 1, 1),
(241, 1, 1),
(242, 1, 1),
(243, 1, 1),
(244, 1, 1),
(245, 1, 1),
(246, 1, 1),
(247, 1, 1),
(248, 1, 1),
(249, 1, 1),
(250, 1, 1),
(251, 1, 1),
(252, 1, 1),
(253, 1, 1),
(254, 1, 1),
(255, 1, 1),
(256, 1, 1),
(257, 1, 1),
(258, 1, 1),
(259, 1, 1),
(260, 1, 1),
(261, 1, 1),
(262, 1, 1),
(263, 1, 1),
(264, 1, 1),
(265, 1, 1),
(266, 1, 1),
(267, 1, 1),
(268, 1, 1),
(269, 1, 1),
(270, 1, 1),
(271, 1, 1),
(272, 1, 1),
(273, 1, 1),
(274, 1, 1),
(275, 1, 1),
(276, 1, 1),
(277, 1, 1),
(278, 1, 1),
(279, 1, 1),
(280, 1, 1),
(281, 1, 1),
(282, 1, 1),
(283, 1, 1),
(284, 1, 1),
(285, 1, 1),
(286, 1, 1),
(287, 1, 1),
(288, 1, 1),
(289, 1, 1),
(290, 1, 1),
(291, 1, 1),
(292, 1, 1),
(293, 1, 1),
(294, 1, 1),
(295, 1, 1),
(296, 1, 1),
(297, 1, 1),
(298, 1, 1),
(299, 1, 1),
(300, 1, 1),
(301, 1, 1),
(302, 1, 1),
(303, 1, 1),
(304, 1, 1),
(305, 1, 1),
(306, 1, 1),
(307, 1, 1),
(308, 1, 1),
(309, 1, 1),
(310, 1, 1),
(311, 1, 1),
(312, 1, 1),
(313, 1, 1),
(314, 1, 1),
(315, 1, 1),
(316, 1, 1),
(317, 1, 1),
(318, 1, 1),
(319, 1, 1),
(320, 1, 1),
(321, 1, 1),
(322, 1, 1),
(323, 1, 1),
(324, 1, 1),
(325, 1, 1),
(326, 1, 1),
(327, 1, 1),
(328, 1, 1),
(329, 1, 1),
(330, 1, 1),
(331, 1, 1),
(332, 1, 1),
(333, 1, 1),
(334, 1, 1),
(335, 1, 1),
(336, 1, 1),
(337, 1, 1),
(338, 1, 1),
(339, 1, 1),
(340, 1, 1),
(341, 1, 1),
(342, 1, 1),
(343, 1, 1),
(344, 1, 1),
(345, 1, 1),
(346, 1, 1),
(347, 1, 1),
(348, 1, 1),
(349, 1, 1),
(350, 1, 1),
(351, 1, 1),
(352, 1, 1),
(353, 1, 1),
(354, 1, 1),
(355, 1, 1),
(356, 1, 1),
(357, 1, 1),
(358, 1, 1),
(359, 1, 1),
(360, 1, 1),
(361, 1, 1),
(362, 1, 1),
(363, 1, 1),
(364, 1, 1),
(365, 1, 1),
(366, 1, 1),
(367, 1, 1),
(368, 1, 1),
(369, 1, 1),
(370, 1, 1),
(371, 1, 1),
(372, 1, 1),
(373, 1, 1),
(374, 1, 1),
(375, 1, 1),
(376, 1, 1),
(377, 1, 1),
(378, 1, 1),
(379, 1, 1),
(380, 1, 1),
(381, 1, 1),
(382, 1, 1),
(383, 1, 1),
(384, 1, 1),
(385, 1, 1),
(386, 1, 1),
(387, 1, 1),
(388, 1, 1),
(389, 1, 1),
(390, 1, 1),
(391, 1, 1),
(392, 1, 1),
(393, 1, 1),
(394, 1, 1),
(395, 1, 1),
(396, 1, 1),
(397, 1, 1),
(398, 1, 1),
(399, 1, 1),
(400, 1, 1),
(401, 1, 1),
(402, 1, 1),
(403, 1, 1),
(404, 1, 1),
(405, 1, 1),
(406, 1, 1),
(407, 1, 1),
(408, 1, 1),
(409, 1, 1),
(410, 1, 1),
(411, 1, 1),
(412, 1, 1),
(413, 1, 1),
(414, 1, 1),
(415, 1, 1),
(416, 1, 1),
(417, 1, 1),
(418, 1, 1),
(419, 1, 1),
(420, 1, 1),
(421, 1, 1),
(422, 1, 1),
(423, 1, 1),
(424, 1, 1),
(425, 1, 1),
(426, 1, 1),
(427, 1, 1),
(428, 1, 1),
(429, 1, 1),
(430, 1, 1),
(431, 1, 1),
(432, 1, 1),
(433, 1, 1),
(434, 1, 1),
(435, 1, 1),
(436, 1, 1),
(437, 1, 1),
(438, 1, 1),
(439, 1, 1),
(440, 1, 1),
(441, 1, 1),
(442, 1, 1),
(443, 1, 1),
(444, 1, 1),
(445, 1, 1),
(446, 1, 1),
(447, 1, 1),
(448, 1, 1),
(449, 1, 1),
(450, 1, 1),
(451, 1, 1),
(452, 1, 1),
(453, 1, 1),
(454, 1, 1),
(455, 1, 1),
(456, 1, 1),
(457, 1, 1),
(458, 1, 1),
(459, 1, 1),
(460, 1, 1),
(461, 1, 1),
(462, 1, 1),
(463, 1, 1),
(464, 1, 1),
(465, 1, 1),
(466, 1, 1),
(467, 1, 1),
(468, 1, 1),
(469, 1, 1),
(470, 1, 1),
(471, 1, 1),
(472, 1, 1),
(473, 1, 1),
(474, 1, 1),
(475, 1, 1),
(476, 1, 1),
(477, 1, 1),
(478, 1, 1),
(479, 1, 1),
(480, 1, 1),
(481, 1, 1),
(482, 1, 1),
(483, 1, 1),
(484, 1, 1),
(485, 1, 1),
(486, 1, 1),
(487, 1, 1),
(488, 1, 1),
(489, 1, 1),
(490, 1, 1),
(491, 1, 1),
(492, 1, 1),
(493, 1, 1),
(494, 1, 1),
(495, 1, 1),
(496, 1, 1),
(497, 1, 1),
(498, 1, 1),
(499, 1, 1),
(500, 1, 1);

INSERT INTO `vehicles` (`id`, `fuel_id`, `segment_id`) VALUES
(501, 1, 1),
(502, 1, 1),
(503, 1, 1),
(504, 1, 1),
(505, 1, 1),
(506, 1, 1),
(507, 1, 1),
(508, 1, 1),
(509, 1, 1),
(510, 1, 1),
(511, 1, 1),
(512, 1, 1),
(513, 1, 1),
(514, 1, 1),
(515, 1, 1),
(516, 1, 1),
(517, 1, 1),
(518, 1, 1),
(519, 1, 1),
(520, 1, 1),
(521, 1, 1),
(522, 1, 1),
(523, 1, 1),
(524, 1, 1),
(525, 1, 1),
(526, 1, 1),
(527, 1, 1),
(528, 1, 1),
(529, 1, 1),
(530, 1, 1),
(531, 1, 1),
(532, 1, 1),
(533, 1, 1),
(534, 1, 1),
(535, 1, 1),
(536, 1, 1),
(537, 1, 1),
(538, 1, 1),
(539, 1, 1),
(540, 1, 1),
(541, 1, 1),
(542, 1, 1),
(543, 1, 1),
(544, 1, 1),
(545, 1, 1),
(546, 1, 1),
(547, 1, 1),
(548, 1, 1),
(549, 1, 1),
(550, 1, 1),
(551, 1, 1),
(552, 1, 1),
(553, 1, 1),
(554, 1, 1),
(555, 1, 1),
(556, 1, 1),
(557, 1, 1),
(558, 1, 1),
(559, 1, 1),
(560, 1, 1),
(561, 1, 1),
(562, 1, 1),
(563, 1, 1),
(564, 1, 1),
(565, 1, 1),
(566, 1, 1),
(567, 1, 1),
(568, 1, 1),
(569, 1, 1),
(570, 1, 1),
(571, 1, 1),
(572, 1, 1),
(573, 1, 1),
(574, 1, 1),
(575, 1, 1),
(576, 1, 1),
(577, 1, 1),
(578, 1, 1),
(579, 1, 1),
(580, 1, 1),
(581, 1, 1),
(582, 1, 1),
(583, 1, 1),
(584, 1, 1),
(585, 1, 1),
(586, 1, 1),
(587, 1, 1),
(588, 1, 1),
(589, 1, 1),
(590, 1, 1),
(591, 1, 1),
(592, 1, 1),
(593, 1, 1),
(594, 1, 1),
(595, 1, 1),
(596, 1, 1),
(597, 1, 1),
(598, 1, 1),
(599, 1, 1),
(600, 1, 1),
(601, 1, 1),
(602, 1, 1),
(603, 1, 1),
(604, 1, 1),
(605, 1, 2),
(606, 1, 2),
(607, 1, 2),
(608, 1, 2),
(609, 1, 2),
(610, 1, 2),
(611, 1, 2),
(612, 2, 2),
(613, 2, 2),
(614, 2, 2),
(615, 2, 2),
(616, 2, 2),
(617, 2, 2),
(618, 2, 2),
(619, 2, 2),
(620, 2, 2),
(621, 2, 2),
(622, 2, 2),
(623, 2, 2),
(624, 2, 2),
(625, 2, 2),
(626, 2, 2),
(627, 2, 2),
(628, 2, 2),
(629, 2, 2),
(630, 2, 2),
(631, 2, 2),
(632, 2, 2),
(633, 2, 2),
(634, 2, 2),
(635, 2, 2),
(636, 2, 2),
(637, 2, 2),
(638, 2, 2),
(639, 2, 2),
(640, 2, 2),
(641, 2, 2),
(642, 2, 2),
(643, 2, 2),
(644, 2, 2),
(645, 2, 2),
(646, 2, 2),
(647, 2, 2),
(648, 2, 2),
(649, 2, 2),
(650, 2, 2),
(651, 2, 2),
(652, 2, 2),
(653, 2, 2),
(654, 2, 2),
(655, 2, 2),
(656, 2, 2),
(657, 2, 2),
(658, 2, 2),
(659, 2, 2),
(660, 2, 2),
(661, 2, 2),
(662, 2, 2),
(663, 2, 2),
(664, 2, 2),
(665, 2, 2),
(666, 2, 2),
(667, 2, 2),
(668, 2, 2),
(669, 2, 2),
(670, 2, 2),
(671, 2, 2),
(672, 2, 2),
(673, 2, 2),
(674, 2, 2),
(675, 2, 2),
(676, 2, 2),
(677, 2, 2),
(678, 2, 2),
(679, 2, 2),
(680, 2, 2),
(681, 2, 2),
(682, 2, 2),
(683, 2, 2),
(684, 2, 2),
(685, 2, 2),
(686, 2, 2),
(687, 2, 2),
(688, 2, 2),
(689, 2, 2),
(690, 2, 2),
(691, 2, 2),
(692, 2, 2),
(693, 2, 2),
(694, 2, 2),
(695, 2, 2),
(696, 2, 2),
(697, 2, 2),
(698, 2, 2),
(699, 2, 2),
(700, 2, 2),
(701, 2, 2),
(702, 2, 2),
(703, 2, 2),
(704, 2, 2),
(705, 2, 2),
(706, 2, 2),
(707, 2, 2),
(708, 2, 2),
(709, 2, 2),
(710, 2, 2),
(711, 2, 2),
(712, 2, 2),
(713, 2, 2),
(714, 2, 2),
(715, 2, 2),
(716, 2, 2),
(717, 2, 2),
(718, 2, 2),
(719, 2, 2),
(720, 2, 2),
(721, 2, 2),
(722, 2, 2),
(723, 2, 2),
(724, 2, 2),
(725, 2, 2),
(726, 2, 2),
(727, 2, 2),
(728, 2, 2),
(729, 2, 2),
(730, 2, 2),
(731, 2, 2),
(732, 2, 2),
(733, 2, 2),
(734, 2, 2),
(735, 2, 2),
(736, 2, 2),
(737, 2, 2),
(738, 2, 2),
(739, 2, 2),
(740, 2, 2),
(741, 2, 2),
(742, 2, 2),
(743, 2, 2),
(744, 2, 2),
(745, 2, 2),
(746, 2, 2),
(747, 2, 2),
(748, 2, 2),
(749, 2, 2),
(750, 2, 2),
(751, 2, 2),
(752, 2, 2),
(753, 2, 2),
(754, 2, 2),
(755, 2, 2),
(756, 2, 2),
(757, 2, 2),
(758, 2, 2),
(759, 2, 2),
(760, 2, 2),
(761, 2, 2),
(762, 2, 2),
(763, 2, 2),
(764, 2, 2),
(765, 2, 2),
(766, 2, 2),
(767, 2, 2),
(768, 2, 2),
(769, 2, 2),
(770, 2, 2),
(771, 2, 2),
(772, 2, 2),
(773, 2, 2),
(774, 2, 2),
(775, 2, 2),
(776, 2, 2),
(777, 2, 2),
(778, 2, 2),
(779, 2, 2),
(780, 2, 2),
(781, 2, 2),
(782, 2, 2),
(783, 2, 2),
(784, 2, 2),
(785, 2, 2),
(786, 2, 2),
(787, 2, 2),
(788, 2, 2),
(789, 2, 2),
(790, 2, 2),
(791, 2, 2),
(792, 2, 2),
(793, 2, 2),
(794, 2, 2),
(795, 2, 2),
(796, 2, 2),
(797, 2, 2),
(798, 2, 2),
(799, 2, 2),
(800, 2, 2),
(801, 2, 2),
(802, 2, 2),
(803, 2, 2),
(804, 2, 2),
(805, 2, 2),
(806, 2, 2),
(807, 2, 2),
(808, 2, 2),
(809, 2, 2),
(810, 2, 2),
(811, 2, 2),
(812, 2, 2),
(813, 2, 2),
(814, 2, 2),
(815, 2, 2),
(816, 2, 2),
(817, 2, 2),
(818, 2, 2),
(819, 2, 2),
(820, 2, 2),
(821, 2, 2),
(822, 2, 2),
(823, 2, 2),
(824, 2, 2),
(825, 2, 2),
(826, 2, 2),
(827, 2, 2),
(828, 2, 2),
(829, 2, 2),
(830, 2, 2),
(831, 2, 2),
(832, 2, 2),
(833, 2, 2),
(834, 2, 2),
(835, 2, 2),
(836, 2, 2),
(837, 2, 2),
(838, 2, 2),
(839, 2, 2),
(840, 2, 2),
(841, 2, 2),
(842, 2, 2),
(843, 2, 2),
(844, 2, 2),
(845, 2, 2),
(846, 2, 2),
(847, 2, 2),
(848, 2, 2),
(849, 2, 2),
(850, 2, 2),
(851, 2, 2),
(852, 2, 2),
(853, 2, 2),
(854, 2, 2),
(855, 2, 2),
(856, 2, 2),
(857, 2, 2),
(858, 2, 2),
(859, 2, 2),
(860, 2, 2),
(861, 2, 2),
(862, 2, 2),
(863, 2, 2),
(864, 2, 2),
(865, 2, 2),
(866, 2, 2),
(867, 2, 2),
(868, 2, 2),
(869, 2, 2),
(870, 2, 2),
(871, 2, 2),
(872, 2, 2),
(873, 2, 2),
(874, 2, 2),
(875, 2, 2),
(876, 2, 2),
(877, 2, 2),
(878, 2, 2),
(879, 2, 2),
(880, 2, 2),
(881, 2, 2),
(882, 2, 2),
(883, 2, 2),
(884, 2, 2),
(885, 2, 2),
(886, 2, 2),
(887, 2, 2),
(888, 2, 2),
(889, 2, 2),
(890, 2, 2),
(891, 2, 2),
(892, 2, 2),
(893, 2, 2),
(894, 2, 2),
(895, 2, 2),
(896, 2, 2),
(897, 2, 2),
(898, 2, 2),
(899, 2, 2),
(900, 2, 2),
(901, 2, 2),
(902, 2, 2),
(903, 2, 2),
(904, 2, 2),
(905, 2, 2),
(906, 2, 2),
(907, 2, 2),
(908, 2, 2),
(909, 2, 2),
(910, 2, 2),
(911, 2, 2),
(912, 2, 2),
(913, 2, 2),
(914, 2, 2),
(915, 2, 2),
(916, 2, 2),
(917, 2, 2),
(918, 2, 2),
(919, 2, 2),
(920, 2, 2),
(921, 2, 2),
(922, 2, 2),
(923, 2, 2),
(924, 2, 2),
(925, 2, 2),
(926, 2, 2),
(927, 2, 2),
(928, 2, 2),
(929, 2, 2),
(930, 2, 2),
(931, 2, 2),
(932, 2, 2),
(933, 2, 2),
(934, 2, 2),
(935, 2, 2),
(936, 2, 2),
(937, 2, 2),
(938, 2, 2),
(939, 2, 2),
(940, 2, 2),
(941, 2, 2),
(942, 2, 2),
(943, 2, 2),
(944, 2, 2),
(945, 2, 2),
(946, 2, 2),
(947, 2, 2),
(948, 2, 2),
(949, 2, 2),
(950, 2, 2),
(951, 2, 2),
(952, 2, 2),
(953, 2, 2),
(954, 2, 2),
(955, 2, 2),
(956, 2, 2),
(957, 2, 2),
(958, 2, 2),
(959, 2, 2),
(960, 2, 2),
(961, 2, 2),
(962, 2, 2),
(963, 2, 2),
(964, 2, 2),
(965, 2, 2),
(966, 2, 2),
(967, 2, 2),
(968, 2, 2),
(969, 2, 2),
(970, 2, 2),
(971, 2, 2),
(972, 2, 2),
(973, 2, 2),
(974, 2, 2),
(975, 2, 2),
(976, 2, 2),
(977, 2, 2),
(978, 2, 2),
(979, 2, 2),
(980, 2, 2),
(981, 2, 2),
(982, 2, 2),
(983, 2, 2),
(984, 2, 2),
(985, 2, 2),
(986, 2, 2),
(987, 2, 2),
(988, 2, 2),
(989, 2, 2),
(990, 2, 2),
(991, 2, 2),
(992, 2, 2),
(993, 2, 2),
(994, 2, 2),
(995, 2, 2),
(996, 2, 2),
(997, 2, 2),
(998, 2, 2),
(999, 2, 2),
(1000, 2, 2);

INSERT INTO `vehicles` (`id`, `fuel_id`, `segment_id`) VALUES
(1001, 2, 2),
(1002, 2, 2),
(1003, 2, 2),
(1004, 2, 2),
(1005, 2, 2),
(1006, 2, 2),
(1007, 2, 2),
(1008, 2, 2),
(1009, 2, 2),
(1010, 2, 2),
(1011, 2, 2),
(1012, 2, 2),
(1013, 2, 2),
(1014, 2, 2),
(1015, 2, 2),
(1016, 2, 2),
(1017, 2, 3),
(1018, 2, 3),
(1019, 2, 3),
(1020, 2, 3),
(1021, 2, 3),
(1022, 2, 3),
(1023, 2, 3),
(1024, 2, 3),
(1025, 2, 3),
(1026, 2, 3),
(1027, 2, 3),
(1028, 2, 3),
(1029, 2, 3),
(1030, 2, 3),
(1031, 2, 3),
(1032, 2, 3),
(1033, 2, 3),
(1034, 2, 3),
(1035, 2, 3),
(1036, 2, 3),
(1037, 2, 3),
(1038, 2, 3),
(1039, 2, 3),
(1040, 2, 3),
(1041, 2, 3),
(1042, 2, 3),
(1043, 2, 3),
(1044, 2, 3),
(1045, 2, 3),
(1046, 2, 3),
(1047, 2, 3),
(1048, 2, 3),
(1049, 2, 3),
(1050, 2, 3),
(1051, 2, 3),
(1052, 3, 3),
(1053, 3, 3),
(1054, 3, 3),
(1055, 3, 3),
(1056, 3, 3),
(1057, 3, 3),
(1058, 3, 3),
(1059, 3, 3),
(1060, 3, 3),
(1061, 3, 3),
(1062, 3, 3),
(1063, 3, 3),
(1064, 3, 3),
(1065, 3, 3),
(1066, 3, 3),
(1067, 3, 3),
(1068, 3, 3),
(1069, 3, 3),
(1070, 3, 3),
(1071, 3, 3),
(1072, 3, 3),
(1073, 3, 3),
(1074, 3, 3),
(1075, 3, 3),
(1076, 3, 3),
(1077, 3, 3),
(1078, 3, 3),
(1079, 3, 3),
(1080, 3, 3),
(1081, 3, 3),
(1082, 3, 3),
(1083, 3, 3),
(1084, 3, 3),
(1085, 3, 3),
(1086, 3, 3),
(1087, 3, 3),
(1088, 3, 3),
(1089, 3, 3),
(1090, 3, 3),
(1091, 3, 3),
(1092, 3, 3),
(1093, 3, 3),
(1094, 3, 3),
(1095, 3, 3),
(1096, 3, 3),
(1097, 3, 3),
(1098, 3, 3),
(1099, 3, 3),
(1100, 3, 3),
(1101, 3, 3),
(1102, 3, 3),
(1103, 3, 3),
(1104, 3, 3),
(1105, 3, 3),
(1106, 3, 3),
(1107, 3, 3),
(1108, 3, 3),
(1109, 3, 3),
(1110, 3, 3),
(1111, 3, 3),
(1112, 3, 3),
(1113, 3, 3),
(1114, 3, 3),
(1115, 3, 3),
(1116, 3, 3),
(1117, 3, 3),
(1118, 3, 3),
(1119, 3, 3),
(1120, 3, 3),
(1121, 3, 3),
(1122, 3, 3),
(1123, 3, 3),
(1124, 3, 3),
(1125, 3, 3),
(1126, 3, 3),
(1127, 3, 3),
(1128, 3, 3),
(1129, 3, 3),
(1130, 3, 3),
(1131, 3, 3),
(1132, 3, 3),
(1133, 3, 3),
(1134, 3, 3),
(1135, 3, 3),
(1136, 3, 3),
(1137, 3, 3),
(1138, 3, 3),
(1139, 3, 3),
(1140, 3, 3),
(1141, 3, 3),
(1142, 3, 3),
(1143, 3, 3),
(1144, 3, 3),
(1145, 3, 3),
(1146, 3, 3),
(1147, 3, 3),
(1148, 3, 3),
(1149, 3, 3),
(1150, 3, 3),
(1151, 3, 3),
(1152, 3, 3),
(1153, 3, 3),
(1154, 3, 3),
(1155, 3, 3),
(1156, 3, 3),
(1157, 3, 3),
(1158, 3, 3),
(1159, 3, 3),
(1160, 3, 3),
(1161, 3, 3),
(1162, 3, 3),
(1163, 3, 3),
(1164, 3, 3),
(1165, 3, 3),
(1166, 3, 3),
(1167, 3, 3),
(1168, 3, 3),
(1169, 3, 3),
(1170, 3, 3),
(1171, 3, 3),
(1172, 3, 3),
(1173, 3, 3),
(1174, 3, 3),
(1175, 3, 3),
(1176, 3, 3),
(1177, 3, 3),
(1178, 3, 3),
(1179, 3, 3),
(1180, 3, 3),
(1181, 3, 3),
(1182, 3, 3),
(1183, 3, 3),
(1184, 3, 3),
(1185, 3, 3),
(1186, 3, 3),
(1187, 3, 3),
(1188, 3, 3),
(1189, 3, 3),
(1190, 3, 3),
(1191, 3, 3),
(1192, 3, 3),
(1193, 3, 3),
(1194, 3, 3),
(1195, 3, 3),
(1196, 3, 3),
(1197, 3, 3),
(1198, 3, 3),
(1199, 3, 3),
(1200, 3, 3);



/*!40101 SET SQL_MODE=@OLD_SQL_MODE */;
/*!40014 SET FOREIGN_KEY_CHECKS=@OLD_FOREIGN_KEY_CHECKS */;
/*!40014 SET UNIQUE_CHECKS=@OLD_UNIQUE_CHECKS */;
/*!40101 SET CHARACTER_SET_CLIENT=@OLD_CHARACTER_SET_CLIENT */;
/*!40101 SET CHARACTER_SET_RESULTS=@OLD_CHARACTER_SET_RESULTS */;
/*!40101 SET COLLATION_CONNECTION=@OLD_COLLATION_CONNECTION */;
/*!40111 SET SQL_NOTES=@OLD_SQL_NOTES */;